MS Number,CVE Number
MS:MS00-001, CVE-2000-0053
MS:MS00-002, CVE-2000-0088
MS:MS00-003, CVE-2000-0070
MS:MS00-004, CVE-2000-0089
MS:MS00-005, CVE-2000-0073
MS:MS00-006, CVE-2000-0097 CVE-2000-0098 CVE-2000-0302
MS:MS00-007, CVE-2000-0121
MS:MS00-008, CVE-1999-1084
MS:MS00-009, CVE-2000-0156
MS:MS00-010, CVE-2000-0161
MS:MS00-011, CVE-2000-0162
MS:MS00-012, CVE-2000-0100
MS:MS00-013, CVE-2000-0211
MS:MS00-014, CVE-2000-0202
MS:MS00-015, CVE-2000-0200
MS:MS00-016, CVE-2000-0228
MS:MS00-017, CVE-2000-0168
MS:MS00-018, CVE-2000-0226
MS:MS00-019, CVE-2000-0246
MS:MS00-020, CVE-2000-0475
MS:MS00-021, CVE-2000-0232
MS:MS00-022, CVE-2000-0277
MS:MS00-023, CVE-2000-0258
MS:MS00-024, CVE-2000-0259
MS:MS00-025, CVE-2000-0260
MS:MS00-026, CVE-2000-0311
MS:MS00-027, CVE-2000-0331
MS:MS00-028, CVE-2000-0256
MS:MS00-029, CVE-2000-0305
MS:MS00-030, CVE-2000-0408
MS:MS00-031, CVE-2000-0304 CVE-2000-0457
MS:MS00-032, CVE-2000-0487
MS:MS00-033, CVE-2000-0439 CVE-2000-0464 CVE-2000-0465
MS:MS00-034, CVE-2000-0419
MS:MS00-035, CVE-2000-0402
MS:MS00-036, CVE-2000-0403 CVE-2000-0404
MS:MS00-038, CVE-2000-0495
MS:MS00-039, CVE-2000-0518 CVE-2000-0519
MS:MS00-040, CVE-2000-0377
MS:MS00-041, CVE-2000-0485 CVE-2000-0654
MS:MS00-043, CVE-2000-0567
MS:MS00-044, CVE-2000-0630 CVE-2000-0631
MS:MS00-045, CVE-2000-0653
MS:MS00-046, CVE-2000-0621
MS:MS00-047, CVE-2000-0673
MS:MS00-048, CVE-2000-0603
MS:MS00-049, CVE-2000-0596 CVE-2000-0597
MS:MS00-051, CVE-2000-0637
MS:MS00-052, CVE-2000-0663
MS:MS00-053, CVE-2000-0737
MS:MS00-054, CVE-2000-0742
MS:MS00-055, CVE-2000-0767 CVE-2000-0768
MS:MS00-056, CVE-2000-0765
MS:MS00-057, CVE-2000-0770
MS:MS00-058, CVE-2000-0778
MS:MS00-060, CVE-2000-0746 CVE-2000-1104
MS:MS00-061, CVE-2000-0777
MS:MS00-062, CVE-2000-0771
MS:MS00-063, CVE-2000-0858
MS:MS00-064, CVE-2000-0849
MS:MS00-065, CVE-2000-0851
MS:MS00-067, CVE-2000-0834
MS:MS00-068, CVE-2000-0929
MS:MS00-069, CVE-2000-0933
MS:MS00-071, CVE-2000-0788
MS:MS00-072, CVE-2000-0979
MS:MS00-073, CVE-2000-0980
MS:MS00-074, CVE-2000-0830
MS:MS00-075, CVE-2000-1061
MS:MS00-076, CVE-2000-0982
MS:MS00-077, CVE-2000-0983 CVE-2001-0503
MS:MS00-078, CVE-2000-0884
MS:MS00-079, CVE-2000-0991
MS:MS00-080, CVE-2000-0970
MS:MS00-082, CVE-2000-1006
MS:MS00-083, CVE-2000-0817 CVE-2000-0885
MS:MS00-084, CVE-2000-0942
MS:MS00-085, CVE-2000-1034
MS:MS00-086, CVE-2000-0886
MS:MS00-087, CVE-2000-1149
MS:MS00-088, CVE-2000-1139
MS:MS00-089, CVE-2000-1217
MS:MS00-090, CVE-2000-1112 CVE-2000-1113
MS:MS00-091, CVE-2000-1039
MS:MS00-092, CVE-2000-1081 CVE-2000-1082 CVE-2000-1083 CVE-2000-1084 CVE-2000-1085 CVE-2000-1086 CVE-2000-1087 CVE-2000-1088
MS:MS00-093, CVE-2001-0089 CVE-2001-0090 CVE-2001-0091 CVE-2001-0092
MS:MS00-094, CVE-2000-1089
MS:MS00-095, CVE-2001-0045 CVE-2001-0046 CVE-2001-0047
MS:MS00-097, CVE-2001-0083
MS:MS00-099, CVE-2001-0048
MS:MS00-100, CVE-2001-0096
MS:MS01-001, CVE-2001-0003
MS:MS01-002, CVE-2001-0005
MS:MS01-003, CVE-2001-0006
MS:MS01-004, CVE-2001-0004
MS:MS01-006, CVE-2001-0014
MS:MS01-007, CVE-2001-0015
MS:MS01-008, CVE-2001-0016
MS:MS01-009, CVE-2001-0017
MS:MS01-010, CVE-2001-0137
MS:MS01-011, CVE-2001-0018
MS:MS01-012, CVE-2001-0145
MS:MS01-013, CVE-2001-0147
MS:MS01-014, CVE-2001-0146
MS:MS01-015, CVE-2001-0002 CVE-2001-0148 CVE-2001-0149 CVE-2001-0150
MS:MS01-016, CVE-2001-0151
MS:MS01-018, CVE-2001-0153
MS:MS01-019, CVE-2001-0152
MS:MS01-020, CVE-2001-0154
MS:MS01-021, CVE-2001-0239
MS:MS01-022, CVE-2001-0238
MS:MS01-023, CVE-2001-0241
MS:MS01-024, CVE-2001-0237
MS:MS01-025, CVE-2001-0244 CVE-2001-0245
MS:MS01-026, CVE-2001-0333 CVE-2001-0334 CVE-2001-0335 CVE-2001-0336 CVE-2001-0337
MS:MS01-027, CVE-2001-0246 CVE-2001-0332 CVE-2001-0338 CVE-2001-0339
MS:MS01-028, CVE-2001-0240
MS:MS01-029, CVE-2001-0242 CVE-2001-0243
MS:MS01-030, CVE-2001-0340
MS:MS01-031, CVE-2001-0345 CVE-2001-0346 CVE-2001-0347 CVE-2001-0348 CVE-2001-0349 CVE-2001-0350 CVE-2001-0351
MS:MS01-032, CVE-2001-0344
MS:MS01-033, CVE-2001-0500
MS:MS01-034, CVE-2001-0501
MS:MS01-035, CVE-2001-0341
MS:MS01-036, CVE-2001-0502
MS:MS01-037, CVE-2001-0504
MS:MS01-038, CVE-2001-0538
MS:MS01-039, CVE-2001-0505
MS:MS01-040, CVE-2001-0540
MS:MS01-041, CVE-2001-0509
MS:MS01-042, CVE-2001-0541
MS:MS01-043, CVE-2001-0543
MS:MS01-044, CVE-2001-0506 CVE-2001-0507 CVE-2001-0508 CVE-2001-0544 CVE-2001-0545
MS:MS01-045, CVE-2001-0546 CVE-2001-0547 CVE-2001-0658
MS:MS01-046, CVE-2001-0659
MS:MS01-047, CVE-2001-0660
MS:MS01-048, CVE-2001-0662
MS:MS01-049, CVE-2001-0666
MS:MS01-050, CVE-2001-0718
MS:MS01-051, CVE-2001-0664 CVE-2001-0665 CVE-2001-0667
MS:MS01-052, CVE-2001-0663
MS:MS01-053, CVE-2001-0720
MS:MS01-054, CVE-2001-0721
MS:MS01-055, CVE-2001-0722 CVE-2001-0723 CVE-2001-0724
MS:MS01-056, CVE-2001-0719
MS:MS01-057, CVE-2001-0726
MS:MS01-058, CVE-2001-0727 CVE-2001-0874 CVE-2001-0875
MS:MS01-059, CVE-2001-0876 CVE-2001-0877
MS:MS01-060, CVE-2001-0542 CVE-2001-0879
MS:MS02-001, CVE-2002-0018
MS:MS02-002, CVE-2002-0021
MS:MS02-003, CVE-2002-0049
MS:MS02-004, CVE-2002-0020
MS:MS02-005, CVE-2002-0022 CVE-2002-0023 CVE-2002-0024 CVE-2002-0025 CVE-2002-0026 CVE-2002-0027
MS:MS02-006, CVE-2002-0012 CVE-2002-0013 CVE-2002-0053
MS:MS02-007, CVE-2002-0056
MS:MS02-008, CVE-2002-0057
MS:MS02-009, CVE-2002-0052
MS:MS02-010, CVE-2002-0050
MS:MS02-011, CVE-2002-0054
MS:MS02-012, CVE-2002-0055
MS:MS02-013, CVE-2002-0058 CVE-2002-0076
MS:MS02-014, CVE-2002-0070
MS:MS02-015, CVE-2002-0077 CVE-2002-0078
MS:MS02-016, CVE-2002-0051
MS:MS02-017, CVE-2002-0151
MS:MS02-018, CVE-2002-0071 CVE-2002-0072 CVE-2002-0073 CVE-2002-0074 CVE-2002-0075 CVE-2002-0079 CVE-2002-0147 CVE-2002-0148 CVE-2002-0149 CVE-2002-0150
MS:MS02-019, CVE-2002-0152 CVE-2002-0153
MS:MS02-020, CVE-2002-0154
MS:MS02-021, CVE-2002-1056
MS:MS02-022, CVE-2002-0155
MS:MS02-023, CVE-2002-0188 CVE-2002-0189 CVE-2002-0190 CVE-2002-0191 CVE-2002-0193 CVE-2002-1564
MS:MS02-024, CVE-2002-0367
MS:MS02-025, CVE-2002-0368
MS:MS02-026, CVE-2002-0369
MS:MS02-027, CVE-2002-0371
MS:MS02-028, CVE-2002-0364
MS:MS02-029, CVE-2002-0366
MS:MS02-030, CVE-2002-0186 CVE-2002-0187
MS:MS02-031, CVE-2002-0616 CVE-2002-0617 CVE-2002-0618 CVE-2002-0619
MS:MS02-032, CVE-2002-0372 CVE-2002-0373 CVE-2002-0615
MS:MS02-033, CVE-2002-0620 CVE-2002-0621 CVE-2002-0622 CVE-2002-0623
MS:MS02-034, CVE-2002-0624 CVE-2002-0641 CVE-2002-0642
MS:MS02-035, CVE-2002-0643
MS:MS02-036, CVE-2002-0697
MS:MS02-037, CVE-2002-0698
MS:MS02-038, CVE-2002-0644 CVE-2002-0645
MS:MS02-039, CVE-2002-0649 CVE-2002-0650
MS:MS02-040, CVE-2002-0695
MS:MS02-041, CVE-2002-0700 CVE-2002-0718 CVE-2002-0719
MS:MS02-042, CVE-2002-0720
MS:MS02-043, CVE-2002-0721
MS:MS02-044, CVE-2002-0727 CVE-2002-0860 CVE-2002-0861
MS:MS02-045, CVE-2002-0724
MS:MS02-046, CVE-2002-0726
MS:MS02-047, CVE-2002-0647 CVE-2002-0648 CVE-2002-0691 CVE-2002-0722 CVE-2002-0723
MS:MS02-048, CVE-2002-0699
MS:MS02-049, CVE-2002-0696
MS:MS02-050, CVE-2002-0862 CVE-2002-1183
MS:MS02-051, CVE-2002-0863 CVE-2002-0864
MS:MS02-052, CVE-2002-0865 CVE-2002-0866 CVE-2002-0867
MS:MS02-053, CVE-2002-0692
MS:MS02-054, CVE-2002-0370 CVE-2002-1139
MS:MS02-055, CVE-2002-0693 CVE-2002-0694
MS:MS02-056, CVE-2002-1123 CVE-2002-1137 CVE-2002-1138
MS:MS02-057, CVE-2002-0391 CVE-2002-1140 CVE-2002-1141
MS:MS02-058, CVE-2002-1179
MS:MS02-059, CVE-2002-1143
MS:MS02-060, CVE-2002-0974
MS:MS02-061, CVE-2002-1145
MS:MS02-062, CVE-2002-0869 CVE-2002-1180 CVE-2002-1181 CVE-2002-1182
MS:MS02-063, CVE-2002-1214
MS:MS02-064, CVE-2002-1184
MS:MS02-065, CVE-2002-1142
MS:MS02-066, CVE-2002-1185 CVE-2002-1186 CVE-2002-1187 CVE-2002-1188 CVE-2002-1217 CVE-2002-1254
MS:MS02-067, CVE-2002-1255
MS:MS02-068, CVE-2002-1262
MS:MS02-069, CVE-2002-1257 CVE-2002-1258 CVE-2002-1260 CVE-2002-1292 CVE-2002-1295 CVE-2002-1325
MS:MS02-070, CVE-2002-1256
MS:MS02-071, CVE-2002-1230
MS:MS02-072, CVE-2002-1327
MS:MS03-001, CVE-2003-0003
MS:MS03-002, CVE-2003-0002
MS:MS03-003, CVE-2003-0007
MS:MS03-004, CVE-2003-1326 CVE-2003-1328
MS:MS03-005, CVE-2003-0004
MS:MS03-006, CVE-2003-0009
MS:MS03-007, CVE-2003-0109
MS:MS03-008, CVE-2003-0010
MS:MS03-009, CVE-2003-0011
MS:MS03-010, CVE-2002-1561
MS:MS03-011, CVE-2003-0111
MS:MS03-012, CVE-2003-0110
MS:MS03-013, CVE-2003-0112
MS:MS03-014, CVE-2002-0980
MS:MS03-015, CVE-2003-0113 CVE-2003-0114 CVE-2003-0115 CVE-2003-0116 CVE-2003-0233
MS:MS03-016, CVE-2003-0117 CVE-2003-0118
MS:MS03-017, CVE-2003-0228
MS:MS03-018, CVE-2003-0223 CVE-2003-0224 CVE-2003-0225 CVE-2003-0226
MS:MS03-019, CVE-2003-0227
MS:MS03-020, CVE-2003-0309 CVE-2003-0344
MS:MS03-021, CVE-2003-0348
MS:MS03-022, CVE-2003-0349
MS:MS03-023, CVE-2003-0469
MS:MS03-024, CVE-2003-0345
MS:MS03-025, CVE-2003-0350
MS:MS03-026, CVE-2003-0352
MS:MS03-027, CVE-2003-0306
MS:MS03-028, CVE-2003-0526
MS:MS03-029, CVE-2003-0525
MS:MS03-030, CVE-2003-0346
MS:MS03-031, CVE-2003-0230 CVE-2003-0231 CVE-2003-0232
MS:MS03-032, CVE-2003-0530 CVE-2003-0531 CVE-2003-0532 CVE-2003-0701 CVE-2003-1105
MS:MS03-033, CVE-2003-0353
MS:MS03-034, CVE-2003-0661
MS:MS03-035, CVE-2003-0664
MS:MS03-036, CVE-2003-0666
MS:MS03-037, CVE-2003-0347
MS:MS03-038, CVE-2003-0665
MS:MS03-039, CVE-2003-0528 CVE-2003-0605 CVE-2003-0715 CVE-2003-0995
MS:MS03-040, CVE-2003-0809 CVE-2003-0838
MS:MS03-041, CVE-2003-0660
MS:MS03-042, CVE-2003-0662
MS:MS03-043, CVE-2003-0717
MS:MS03-044, CVE-2003-0711
MS:MS03-045, CVE-2003-0659
MS:MS03-046, CVE-2003-0714
MS:MS03-047, CVE-2003-0712
MS:MS03-048, CVE-2003-0814 CVE-2003-0815 CVE-2003-0816 CVE-2003-0817 CVE-2003-0823
MS:MS03-049, CVE-2003-0812
MS:MS03-050, CVE-2003-0820 CVE-2003-0821
MS:MS03-051, CVE-2003-0822 CVE-2003-0824
MS:MS04-001, CVE-2003-0819
MS:MS04-002, CVE-2003-0904
MS:MS04-003, CVE-2003-0903
MS:MS04-004, CVE-2003-1025 CVE-2003-1026 CVE-2003-1027
MS:MS04-005, CVE-2004-0115
MS:MS04-006, CVE-2003-0825
MS:MS04-007, CVE-2003-0818
MS:MS04-008, CVE-2003-0905
MS:MS04-009, CVE-2004-0121
MS:MS04-010, CVE-2004-0122
MS:MS04-011, CVE-2003-0533 CVE-2003-0663 CVE-2003-0719 CVE-2003-0806 CVE-2003-0906 CVE-2003-0907 CVE-2003-0908 CVE-2003-0909 CVE-2003-0910 CVE-2004-0117 CVE-2004-0118 CVE-2004-0119 CVE-2004-0120 CVE-2004-0123
MS:MS04-012, CVE-2003-0807 CVE-2003-0813 CVE-2004-0116 CVE-2004-0124
MS:MS04-013, CVE-2004-0380
MS:MS04-014, CVE-2004-0197
MS:MS04-015, CVE-2004-0199
MS:MS04-016, CVE-2004-0202
MS:MS04-017, CVE-2004-0204
MS:MS04-018, CVE-2004-0215
MS:MS04-019, CVE-2004-0213
MS:MS04-020, CVE-2004-0210
MS:MS04-021, CVE-2004-0205
MS:MS04-022, CVE-2004-0212
MS:MS04-023, CVE-2003-1041 CVE-2004-0201
MS:MS04-024, CVE-2004-0420
MS:MS04-025, CVE-2003-1048 CVE-2004-0549 CVE-2004-0566
MS:MS04-026, CVE-2004-0203
MS:MS04-027, CVE-2004-0573
MS:MS04-028, CVE-2004-0200
MS:MS04-029, CVE-2004-0569
MS:MS04-030, CVE-2003-0718
MS:MS04-031, CVE-2004-0206
MS:MS04-032, CVE-2004-0207 CVE-2004-0208 CVE-2004-0209 CVE-2004-0211
MS:MS04-033, CVE-2004-0846
MS:MS04-034, CVE-2004-0575
MS:MS04-035, CVE-2004-0840
MS:MS04-036, CVE-2004-0574
MS:MS04-037, CVE-2004-0214 CVE-2004-0572
MS:MS04-038, CVE-2004-0216 CVE-2004-0727 CVE-2004-0839 CVE-2004-0841 CVE-2004-0842 CVE-2004-0843 CVE-2004-0844 CVE-2004-0845 CVE-2004-0978 CVE-2004-0979
MS:MS04-039, CVE-2004-0892
MS:MS04-040, CVE-2004-1050
MS:MS04-041, CVE-2004-0571 CVE-2004-0901
MS:MS04-042, CVE-2004-0899 CVE-2004-0900
MS:MS04-043, CVE-2004-0568
MS:MS04-044, CVE-2004-0893 CVE-2004-0894
MS:MS04-045, CVE-2004-0567 CVE-2004-1080
MS:MS05-001, CVE-2004-1043
MS:MS05-002, CVE-2004-1049 CVE-2004-1305 CVE-2005-0416
MS:MS05-003, CVE-2004-0897
MS:MS05-004, CVE-2004-0847
MS:MS05-005, CVE-2004-0848
MS:MS05-006, CVE-2005-0049
MS:MS05-007, CVE-2005-0051
MS:MS05-008, CVE-2005-0053
MS:MS05-009, CVE-2004-0597 CVE-2004-1244
MS:MS05-010, CVE-2005-0050
MS:MS05-011, CVE-2005-0045
MS:MS05-012, CVE-2005-0044 CVE-2005-0047
MS:MS05-013, CVE-2004-1319
MS:MS05-014, CVE-2005-0053 CVE-2005-0054 CVE-2005-0055 CVE-2005-0056
MS:MS05-015, CVE-2005-0057
MS:MS05-016, CVE-2005-0063
MS:MS05-017, CVE-2005-0059
MS:MS05-018, CVE-2005-0060 CVE-2005-0061 CVE-2005-0550 CVE-2005-0551
MS:MS05-019, CVE-2004-0230 CVE-2004-0790 CVE-2004-1060 CVE-2005-0048 CVE-2005-0688
MS:MS05-020, CVE-2005-0553 CVE-2005-0554 CVE-2005-0555
MS:MS05-021, CVE-2005-0560
MS:MS05-022, CVE-2005-0562
MS:MS05-023, CVE-2004-0963 CVE-2005-0558
MS:MS05-024, CVE-2005-1191
MS:MS05-025, CVE-2005-1211
MS:MS05-026, CVE-2005-1208
MS:MS05-027, CVE-2005-1206
MS:MS05-028, CVE-2005-1207
MS:MS05-029, CVE-2005-0563
MS:MS05-030, CVE-2005-1213
MS:MS05-031, CVE-2005-1212
MS:MS05-032, CVE-2005-1214
MS:MS05-033, CVE-2005-1205
MS:MS05-034, CVE-2005-1215 CVE-2005-1216
MS:MS05-035, CVE-2005-0564
MS:MS05-036, CVE-2005-1219
MS:MS05-037, CVE-2005-2087
MS:MS05-038, CVE-2005-1988 CVE-2005-1989 CVE-2005-1990
MS:MS05-039, CVE-2005-1983
MS:MS05-040, CVE-2005-0058
MS:MS05-041, CVE-2005-1218
MS:MS05-042, CVE-2005-1981 CVE-2005-1982
MS:MS05-043, CVE-2005-1984
MS:MS05-044, CVE-2005-2126
MS:MS05-045, CVE-2005-2307
MS:MS05-046, CVE-2005-1985
MS:MS05-047, CVE-2005-2120
MS:MS05-048, CVE-2005-1987
MS:MS05-049, CVE-2005-2117 CVE-2005-2118 CVE-2005-2122
MS:MS05-050, CVE-2005-2128
MS:MS05-051, CVE-2005-1978 CVE-2005-1979 CVE-2005-1980 CVE-2005-2119
MS:MS05-052, CVE-2005-2127
MS:MS05-053, CVE-2005-0803 CVE-2005-2123 CVE-2005-2124
MS:MS05-054, CVE-2005-1790 CVE-2005-2829 CVE-2005-2830 CVE-2005-2831
MS:MS05-055, CVE-2005-2827
MS:MS06-001, CVE-2005-4560
MS:MS06-002, CVE-2006-0010
MS:MS06-003, CVE-2006-0002
MS:MS06-004, CVE-2006-0020
MS:MS06-005, CVE-2006-0006
MS:MS06-006, CVE-2006-0005
MS:MS06-007, CVE-2006-0021
MS:MS06-008, CVE-2006-0013
MS:MS06-009, CVE-2006-0008
MS:MS06-010, CVE-2006-0004
MS:MS06-011, CVE-2006-0023
MS:MS06-012, CVE-2005-4131 CVE-2006-0009 CVE-2006-0028 CVE-2006-0029 CVE-2006-0030 CVE-2006-0031
MS:MS06-013, CVE-2006-1185 CVE-2006-1186 CVE-2006-1188 CVE-2006-1189 CVE-2006-1190 CVE-2006-1191 CVE-2006-1192 CVE-2006-1245 CVE-2006-1359 CVE-2006-1388
MS:MS06-014, CVE-2006-0003
MS:MS06-015, CVE-2004-2289 CVE-2006-0012
MS:MS06-016, CVE-2006-0014
MS:MS06-017, CVE-2006-0015
MS:MS06-018, CVE-2006-0034 CVE-2006-1184
MS:MS06-019, CVE-2006-0027
MS:MS06-020, CVE-2005-2628 CVE-2006-0024
MS:MS06-021, CVE-2005-4089 CVE-2006-1303 CVE-2006-1626 CVE-2006-1992 CVE-2006-2218 CVE-2006-2382 CVE-2006-2383 CVE-2006-2384 CVE-2006-2385
MS:MS06-022, CVE-2006-2378
MS:MS06-023, CVE-2006-1313
MS:MS06-024, CVE-2006-0025
MS:MS06-025, CVE-2006-2370 CVE-2006-2371
MS:MS06-026, CVE-2006-2376
MS:MS06-027, CVE-2006-2492
MS:MS06-028, CVE-2006-0022
MS:MS06-029, CVE-2006-1193
MS:MS06-030, CVE-2006-2373 CVE-2006-2374
MS:MS06-031, CVE-2006-2380
MS:MS06-032, CVE-2006-2379
MS:MS06-033, CVE-2006-1300
MS:MS06-034, CVE-2006-0026
MS:MS06-035, CVE-2006-1314 CVE-2006-1315
MS:MS06-036, CVE-2006-2372
MS:MS06-037, CVE-2006-1301 CVE-2006-1302 CVE-2006-1304 CVE-2006-1306 CVE-2006-1308 CVE-2006-1309 CVE-2006-2388 CVE-2006-3059
MS:MS06-038, CVE-2006-1316 CVE-2006-1318 CVE-2006-1540 CVE-2006-2389
MS:MS06-039, CVE-2006-0007 CVE-2006-0033
MS:MS06-040, CVE-2006-3439
MS:MS06-041, CVE-2006-3440 CVE-2006-3441
MS:MS06-042, CVE-2004-1166 CVE-2006-3280 CVE-2006-3450 CVE-2006-3451 CVE-2006-3637 CVE-2006-3638 CVE-2006-3639 CVE-2006-3640 CVE-2006-3873
MS:MS06-043, CVE-2006-2766
MS:MS06-044, CVE-2006-3643
MS:MS06-045, CVE-2006-3281
MS:MS06-046, CVE-2006-3357
MS:MS06-047, CVE-2006-3649
MS:MS06-048, CVE-2006-3449 CVE-2006-3590
MS:MS06-049, CVE-2006-3444
MS:MS06-050, CVE-2006-3086 CVE-2006-3438
MS:MS06-051, CVE-2006-3443 CVE-2006-3648
MS:MS06-052, CVE-2006-3442
MS:MS06-053, CVE-2006-0032
MS:MS06-054, CVE-2006-0001
MS:MS06-055, CVE-2006-4868
MS:MS06-056, CVE-2006-3436
MS:MS06-057, CVE-2006-3730
MS:MS06-058, CVE-2006-3435 CVE-2006-3876 CVE-2006-3877 CVE-2006-4694
MS:MS06-059, CVE-2006-2387 CVE-2006-3431 CVE-2006-3867 CVE-2006-3875
MS:MS06-060, CVE-2006-3647 CVE-2006-3651 CVE-2006-4534 CVE-2006-4693
MS:MS06-061, CVE-2006-4685 CVE-2006-4686
MS:MS06-062, CVE-2006-3434 CVE-2006-3650 CVE-2006-3864 CVE-2006-3868
MS:MS06-063, CVE-2006-3942 CVE-2006-4696
MS:MS06-064, CVE-2004-0230 CVE-2004-0790 CVE-2005-0688
MS:MS06-065, CVE-2006-4692
MS:MS06-066, CVE-2006-4688 CVE-2006-4689
MS:MS06-067, CVE-2006-3890 CVE-2006-4446 CVE-2006-4687 CVE-2006-4777 CVE-2006-5198 CVE-2006-5884
MS:MS06-068, CVE-2006-3445
MS:MS06-069, CVE-2006-3014 CVE-2006-3311 CVE-2006-3587 CVE-2006-3588 CVE-2006-4640
MS:MS06-070, CVE-2006-4691
MS:MS06-071, CVE-2006-5745
MS:MS06-072, CVE-2006-5577 CVE-2006-5578 CVE-2006-5579 CVE-2006-5581
MS:MS06-073, CVE-2006-4704
MS:MS06-074, CVE-2006-5583
MS:MS06-075, CVE-2006-5585
MS:MS06-076, CVE-2006-2386
MS:MS06-077, CVE-2006-5584
MS:MS06-078, CVE-2006-4702 CVE-2006-6134
MS:MS07-001, CVE-2006-5574
MS:MS07-002, CVE-2007-0027 CVE-2007-0028 CVE-2007-0029 CVE-2007-0030 CVE-2007-0031
MS:MS07-003, CVE-2006-1305 CVE-2007-0033 CVE-2007-0034
MS:MS07-004, CVE-2007-0024
MS:MS07-005, CVE-2006-3448
MS:MS07-006, CVE-2007-0211
MS:MS07-007, CVE-2007-0210
MS:MS07-008, CVE-2007-0214
MS:MS07-009, CVE-2006-5559
MS:MS07-010, CVE-2006-5270
MS:MS07-011, CVE-2007-0026
MS:MS07-012, CVE-2007-0025
MS:MS07-013, CVE-2006-1311
MS:MS07-014, CVE-2006-5994 CVE-2006-6456 CVE-2007-0208 CVE-2007-0209 CVE-2007-0515
MS:MS07-015, CVE-2006-3877 CVE-2007-0671
MS:MS07-016, CVE-2006-4697 CVE-2007-0217 CVE-2007-0219
MS:MS07-017, CVE-2006-5586 CVE-2006-5758 CVE-2007-0038 CVE-2007-1211 CVE-2007-1212 CVE-2007-1213 CVE-2007-1215
MS:MS07-018, CVE-2007-0938 CVE-2007-0939
MS:MS07-019, CVE-2007-1204
MS:MS07-020, CVE-2007-1205
MS:MS07-021, CVE-2006-6696 CVE-2006-6797 CVE-2007-1209
MS:MS07-022, CVE-2007-1206
MS:MS07-023, CVE-2007-0215 CVE-2007-1203 CVE-2007-1214
MS:MS07-024, CVE-2007-0035 CVE-2007-0870 CVE-2007-1202
MS:MS07-025, CVE-2007-1747
MS:MS07-026, CVE-2007-0039 CVE-2007-0213 CVE-2007-0220 CVE-2007-0221
MS:MS07-027, CVE-2006-6121 CVE-2007-0323 CVE-2007-0942 CVE-2007-0944 CVE-2007-0945 CVE-2007-0946 CVE-2007-0947 CVE-2007-2221
MS:MS07-028, CVE-2007-0940
MS:MS07-029, CVE-2007-1748
MS:MS07-030, CVE-2007-0934 CVE-2007-0936
MS:MS07-031, CVE-2007-2218
MS:MS07-032, CVE-2007-2229
MS:MS07-033, CVE-2007-0218 CVE-2007-1499 CVE-2007-1750 CVE-2007-1751 CVE-2007-2222 CVE-2007-3027
MS:MS07-034, CVE-2006-2111 CVE-2007-1658 CVE-2007-2225 CVE-2007-2227
MS:MS07-035, CVE-2007-2219
MS:MS07-036, CVE-2007-1756 CVE-2007-3029 CVE-2007-3030
MS:MS07-037, CVE-2007-1754
MS:MS07-038, CVE-2007-3038
MS:MS07-039, CVE-2007-0040 CVE-2007-3028
MS:MS07-040, CVE-2007-0041 CVE-2007-0042 CVE-2007-0043
MS:MS07-041, CVE-2005-4360
MS:MS07-042, CVE-2007-2223
MS:MS07-043, CVE-2007-2224
MS:MS07-044, CVE-2007-3890
MS:MS07-045, CVE-2007-0319 CVE-2007-0943 CVE-2007-2216 CVE-2007-2240 CVE-2007-2928 CVE-2007-2929 CVE-2007-3041
MS:MS07-046, CVE-2007-3034
MS:MS07-047, CVE-2007-3035 CVE-2007-3037
MS:MS07-048, CVE-2007-3032 CVE-2007-3033 CVE-2007-3891
MS:MS07-049, CVE-2007-0948
MS:MS07-050, CVE-2007-1749
MS:MS07-051, CVE-2007-3040
MS:MS07-052, CVE-2006-6133
MS:MS07-053, CVE-2007-3036
MS:MS07-054, CVE-2007-2931
MS:MS07-055, CVE-2007-2217
MS:MS07-056, CVE-2007-3897
MS:MS07-057, CVE-2007-1091 CVE-2007-3826 CVE-2007-3892 CVE-2007-3893
MS:MS07-058, CVE-2007-2228
MS:MS07-059, CVE-2007-2581
MS:MS07-060, CVE-2007-3899
MS:MS07-061, CVE-2007-3896
MS:MS07-062, CVE-2007-3898
MS:MS07-063, CVE-2007-5351
MS:MS07-064, CVE-2007-3895 CVE-2007-3901
MS:MS07-065, CVE-2007-3039
MS:MS07-066, CVE-2007-5350
MS:MS07-067, CVE-2007-5587
MS:MS07-068, CVE-2007-0064
MS:MS07-069, CVE-2007-3902 CVE-2007-3903 CVE-2007-5344 CVE-2007-5347 CVE-2007-6255
MS:MS08-001, CVE-2007-0066 CVE-2007-0069
MS:MS08-002, CVE-2007-5352
MS:MS08-003, CVE-2008-0088
MS:MS08-004, CVE-2008-0084
MS:MS08-005, CVE-2008-0074
MS:MS08-006, CVE-2008-0075
MS:MS08-007, CVE-2008-0080
MS:MS08-008, CVE-2007-0065
MS:MS08-009, CVE-2008-0109
MS:MS08-010, CVE-2007-4790 CVE-2008-0076 CVE-2008-0077 CVE-2008-0078
MS:MS08-011, CVE-2007-0216 CVE-2008-0105 CVE-2008-0108
MS:MS08-012, CVE-2008-0102 CVE-2008-0104
MS:MS08-013, CVE-2008-0103
MS:MS08-014, CVE-2008-0081 CVE-2008-0111 CVE-2008-0112 CVE-2008-0114 CVE-2008-0115 CVE-2008-0116 CVE-2008-0117
MS:MS08-015, CVE-2008-0110
MS:MS08-016, CVE-2008-0113 CVE-2008-0118
MS:MS08-017, CVE-2006-4695 CVE-2007-1201
MS:MS08-018, CVE-2008-1088
MS:MS08-019, CVE-2008-1089 CVE-2008-1090
MS:MS08-020, CVE-2008-0087
MS:MS08-021, CVE-2008-1083 CVE-2008-1087
MS:MS08-022, CVE-2008-0083
MS:MS08-023, CVE-2008-1086
MS:MS08-024, CVE-2008-1085
MS:MS08-025, CVE-2008-1084
MS:MS08-026, CVE-2008-1091 CVE-2008-1434
MS:MS08-027, CVE-2008-0119
MS:MS08-028, CVE-2007-6026 CVE-2008-1092
MS:MS08-029, CVE-2008-1437 CVE-2008-1438
MS:MS08-030, CVE-2008-1453
MS:MS08-031, CVE-2008-1442 CVE-2008-1544
MS:MS08-032, CVE-2007-0675 CVE-2008-0956
MS:MS08-033, CVE-2008-0011 CVE-2008-1444
MS:MS08-034, CVE-2008-1451
MS:MS08-035, CVE-2008-1445
MS:MS08-036, CVE-2008-1440 CVE-2008-1441
MS:MS08-037, CVE-2008-1447 CVE-2008-1454
MS:MS08-038, CVE-2008-0951 CVE-2008-1435
MS:MS08-039, CVE-2008-2247 CVE-2008-2248
MS:MS08-040, CVE-2008-0085 CVE-2008-0086 CVE-2008-0106 CVE-2008-0107
MS:MS08-043, CVE-2008-3003 CVE-2008-3004 CVE-2008-3005 CVE-2008-3006
MS:MS08-044, CVE-2008-3018 CVE-2008-3019 CVE-2008-3020 CVE-2008-3021 CVE-2008-3460
MS:MS08-045, CVE-2008-2254 CVE-2008-2255 CVE-2008-2256 CVE-2008-2257 CVE-2008-2258 CVE-2008-2259
MS:MS08-046, CVE-2008-2245
MS:MS08-047, CVE-2008-2246
MS:MS08-048, CVE-2008-1448
MS:MS08-049, CVE-2008-1456 CVE-2008-1457
MS:MS08-050, CVE-2008-0082
MS:MS08-051, CVE-2008-0120 CVE-2008-0121 CVE-2008-1455
MS:MS08-052, CVE-2007-5348 CVE-2008-3012 CVE-2008-3013 CVE-2008-3014 CVE-2008-3015
MS:MS08-053, CVE-2008-3008
MS:MS08-054, CVE-2008-2253
MS:MS08-055, CVE-2008-3007
MS:MS08-056, CVE-2008-4020
MS:MS08-057, CVE-2008-3471 CVE-2008-3477 CVE-2008-4019
MS:MS08-058, CVE-2008-2947 CVE-2008-3472 CVE-2008-3473 CVE-2008-3474 CVE-2008-3475 CVE-2008-3476
MS:MS08-059, CVE-2008-3466
MS:MS08-060, CVE-2008-4023
MS:MS08-061, CVE-2008-2250 CVE-2008-2251 CVE-2008-2252
MS:MS08-062, CVE-2008-1446
MS:MS08-063, CVE-2008-4038
MS:MS08-064, CVE-2008-4036
MS:MS08-065, CVE-2008-3479
MS:MS08-066, CVE-2008-3464
MS:MS08-067, CVE-2008-4250
MS:MS08-068, CVE-2008-4037
MS:MS08-069, CVE-2007-0099 CVE-2008-4029 CVE-2008-4033
MS:MS08-070, CVE-2008-3704 CVE-2008-4252 CVE-2008-4253 CVE-2008-4254 CVE-2008-4255 CVE-2008-4256
MS:MS08-071, CVE-2008-2249 CVE-2008-3465
MS:MS08-072, CVE-2008-4024 CVE-2008-4025 CVE-2008-4026 CVE-2008-4027 CVE-2008-4028 CVE-2008-4030 CVE-2008-4031 CVE-2008-4837
MS:MS08-073, CVE-2008-4258 CVE-2008-4259 CVE-2008-4260 CVE-2008-4261
MS:MS08-074, CVE-2008-4264 CVE-2008-4265 CVE-2008-4266
MS:MS08-075, CVE-2008-4268 CVE-2008-4269
MS:MS08-076, CVE-2008-3009 CVE-2008-3010
MS:MS08-077, CVE-2008-4032
MS:MS08-078, CVE-2008-4844
MS:MS09-001, CVE-2008-4114 CVE-2008-4834 CVE-2008-4835
MS:MS09-002, CVE-2009-0075 CVE-2009-0076
MS:MS09-003, CVE-2009-0098 CVE-2009-0099
MS:MS09-004, CVE-2008-5416
MS:MS09-005, CVE-2009-0095 CVE-2009-0096 CVE-2009-0097
MS:MS09-006, CVE-2009-0081 CVE-2009-0082 CVE-2009-0083
MS:MS09-007, CVE-2009-0085
MS:MS09-008, CVE-2009-0093 CVE-2009-0094 CVE-2009-0233 CVE-2009-0234
MS:MS09-009, CVE-2009-0100 CVE-2009-0238
MS:MS09-010, CVE-2008-4841 CVE-2009-0087 CVE-2009-0088 CVE-2009-0235
MS:MS09-011, CVE-2009-0084
MS:MS09-012, CVE-2008-1436 CVE-2009-0078 CVE-2009-0079 CVE-2009-0080
MS:MS09-013, CVE-2009-0086 CVE-2009-0089 CVE-2009-0550
MS:MS09-014, CVE-2008-2540 CVE-2009-0550 CVE-2009-0551 CVE-2009-0552 CVE-2009-0553 CVE-2009-0554
MS:MS09-015, CVE-2008-2540
MS:MS09-016, CVE-2009-0077 CVE-2009-0237
MS:MS09-017, CVE-2009-0220 CVE-2009-0221 CVE-2009-0222 CVE-2009-0223 CVE-2009-0224 CVE-2009-0225 CVE-2009-0226 CVE-2009-0227 CVE-2009-0556 CVE-2009-1128 CVE-2009-1129 CVE-2009-1130 CVE-2009-1131 CVE-2009-1137
MS:MS09-018, CVE-2009-1138 CVE-2009-1139
MS:MS09-019, CVE-2007-3091 CVE-2009-1140 CVE-2009-1141 CVE-2009-1528 CVE-2009-1529 CVE-2009-1530 CVE-2009-1531 CVE-2009-1532
MS:MS09-020, CVE-2009-1122 CVE-2009-1535
MS:MS09-021, CVE-2009-0549 CVE-2009-0557 CVE-2009-0558 CVE-2009-0559 CVE-2009-0560 CVE-2009-0561 CVE-2009-1134
MS:MS09-022, CVE-2009-0228 CVE-2009-0229 CVE-2009-0230
MS:MS09-023, CVE-2009-0239
MS:MS09-024, CVE-2009-1533
MS:MS09-025, CVE-2009-1123 CVE-2009-1124 CVE-2009-1125 CVE-2009-1126
MS:MS09-026, CVE-2009-0568
MS:MS09-027, CVE-2009-0563 CVE-2009-0565
MS:MS09-028, CVE-2009-1537 CVE-2009-1538 CVE-2009-1539
MS:MS09-029, CVE-2009-0231 CVE-2009-0232
MS:MS09-030, CVE-2009-0566
MS:MS09-031, CVE-2009-1135
MS:MS09-032, CVE-2008-0015
MS:MS09-033, CVE-2009-1542
MS:MS09-034, CVE-2009-1917 CVE-2009-1918 CVE-2009-1919
MS:MS09-035, CVE-2009-0901 CVE-2009-2493 CVE-2009-2495
MS:MS09-036, CVE-2009-1536
MS:MS09-037, CVE-2008-0015 CVE-2008-0020 CVE-2009-0901 CVE-2009-2493 CVE-2009-2494
MS:MS09-038, CVE-2009-1545 CVE-2009-1546
MS:MS09-039, CVE-2009-1923 CVE-2009-1924
MS:MS09-040, CVE-2009-1922
MS:MS09-041, CVE-2009-1544
MS:MS09-042, CVE-2009-1930
MS:MS09-043, CVE-2009-0562 CVE-2009-1136 CVE-2009-1534 CVE-2009-2496
MS:MS09-044, CVE-2009-1133 CVE-2009-1929
MS:MS09-045, CVE-2009-1920
MS:MS09-046, CVE-2009-2519
MS:MS09-047, CVE-2009-2498 CVE-2009-2499
MS:MS09-048, CVE-2008-4609 CVE-2009-1925 CVE-2009-1926
MS:MS09-049, CVE-2009-1132
MS:MS09-050, CVE-2009-2526 CVE-2009-2532 CVE-2009-3103
MS:MS09-051, CVE-2009-0555 CVE-2009-2525
MS:MS09-052, CVE-2009-2527
MS:MS09-053, CVE-2009-2521 CVE-2009-3023
MS:MS09-054, CVE-2009-1547 CVE-2009-2529 CVE-2009-2530 CVE-2009-2531
MS:MS09-055, CVE-2009-2493
MS:MS09-056, CVE-2009-2510 CVE-2009-2511
MS:MS09-057, CVE-2009-2507
MS:MS09-058, CVE-2009-2515 CVE-2009-2516 CVE-2009-2517
MS:MS09-059, CVE-2009-2524
MS:MS09-060, CVE-2009-0901 CVE-2009-2493 CVE-2009-2495
MS:MS09-061, CVE-2009-0090 CVE-2009-0091 CVE-2009-2497
MS:MS09-062, CVE-2009-2500 CVE-2009-2501 CVE-2009-2502 CVE-2009-2503 CVE-2009-2504 CVE-2009-2518 CVE-2009-2528 CVE-2009-3126
MS:MS09-063, CVE-2009-2512
MS:MS09-064, CVE-2009-2523
MS:MS09-065, CVE-2009-1127 CVE-2009-2513 CVE-2009-2514
MS:MS09-066, CVE-2009-1928
MS:MS09-067, CVE-2009-3127 CVE-2009-3128 CVE-2009-3129 CVE-2009-3130 CVE-2009-3131 CVE-2009-3132 CVE-2009-3133 CVE-2009-3134
MS:MS09-068, CVE-2009-3135
MS:MS09-069, CVE-2009-3675
MS:MS09-070, CVE-2009-2508 CVE-2009-2509
MS:MS09-071, CVE-2009-2505 CVE-2009-3677
MS:MS09-072, CVE-2009-2493 CVE-2009-3671 CVE-2009-3672 CVE-2009-3673 CVE-2009-3674
MS:MS09-073, CVE-2009-2506
MS:MS09-074, CVE-2009-0102
MS:MS10-001, CVE-2010-0018
MS:MS10-002, CVE-2009-4074 CVE-2010-0027 CVE-2010-0244 CVE-2010-0245 CVE-2010-0246 CVE-2010-0247 CVE-2010-0248 CVE-2010-0249
MS:MS10-003, CVE-2010-0243
MS:MS10-004, CVE-2010-0029 CVE-2010-0030 CVE-2010-0031 CVE-2010-0032 CVE-2010-0033 CVE-2010-0034
MS:MS10-005, CVE-2010-0028
MS:MS10-006, CVE-2010-0016 CVE-2010-0017
MS:MS10-007, CVE-2010-0027
MS:MS10-008, CVE-2009-2570 CVE-2009-3735 CVE-2010-0252
MS:MS10-009, CVE-2010-0239 CVE-2010-0240 CVE-2010-0241 CVE-2010-0242
MS:MS10-010, CVE-2010-0026
MS:MS10-011, CVE-2010-0023
MS:MS10-012, CVE-2010-0020 CVE-2010-0021 CVE-2010-0022 CVE-2010-0231
MS:MS10-013, CVE-2010-0250
MS:MS10-014, CVE-2010-0035
MS:MS10-015, CVE-2010-0232 CVE-2010-0233
MS:MS10-016, CVE-2010-0265
MS:MS10-017, CVE-2010-0257 CVE-2010-0258 CVE-2010-0260 CVE-2010-0261 CVE-2010-0262 CVE-2010-0263 CVE-2010-0264
MS:MS10-018, CVE-2010-0267 CVE-2010-0488 CVE-2010-0489 CVE-2010-0490 CVE-2010-0491 CVE-2010-0492 CVE-2010-0494 CVE-2010-0805 CVE-2010-0806 CVE-2010-0807
MS:MS10-019, CVE-2010-0486 CVE-2010-0487
MS:MS10-020, CVE-2009-3676 CVE-2010-0269 CVE-2010-0270 CVE-2010-0476 CVE-2010-0477
MS:MS10-021, CVE-2010-0234 CVE-2010-0235 CVE-2010-0236 CVE-2010-0237 CVE-2010-0238 CVE-2010-0481 CVE-2010-0482 CVE-2010-0810
MS:MS10-022, CVE-2010-0483
MS:MS10-023, CVE-2010-0479
MS:MS10-024, CVE-2010-0024 CVE-2010-0025
MS:MS10-025, CVE-2010-0478
MS:MS10-026, CVE-2010-0480
MS:MS10-027, CVE-2010-0268
MS:MS10-028, CVE-2010-0254 CVE-2010-0256
MS:MS10-029, CVE-2010-0812
MS:MS10-030, CVE-2010-0816
MS:MS10-031, CVE-2010-0815
MS:MS10-032, CVE-2010-0484 CVE-2010-0485 CVE-2010-1255
MS:MS10-033, CVE-2010-1879 CVE-2010-1880
MS:MS10-034, CVE-2010-0252 CVE-2010-0811
MS:MS10-035, CVE-2010-0255 CVE-2010-1257 CVE-2010-1259 CVE-2010-1260 CVE-2010-1261 CVE-2010-1262
MS:MS10-036, CVE-2010-1263
MS:MS10-037, CVE-2010-0819
MS:MS10-038, CVE-2010-0821 CVE-2010-0822 CVE-2010-0823 CVE-2010-0824 CVE-2010-1245 CVE-2010-1246 CVE-2010-1247 CVE-2010-1248 CVE-2010-1249 CVE-2010-1250 CVE-2010-1251 CVE-2010-1252 CVE-2010-1253 CVE-2010-1254
MS:MS10-039, CVE-2010-0817 CVE-2010-1257 CVE-2010-1264
MS:MS10-040, CVE-2010-1256
MS:MS10-041, CVE-2009-0217
MS:MS10-042, CVE-2010-1885
MS:MS10-043, CVE-2009-3678
MS:MS10-044, CVE-2010-0814 CVE-2010-1881
MS:MS10-045, CVE-2010-0266
MS:MS10-046, CVE-2010-2568
MS:MS10-047, CVE-2010-1888 CVE-2010-1889 CVE-2010-1890
MS:MS10-048, CVE-2010-1887 CVE-2010-1894 CVE-2010-1895 CVE-2010-1896 CVE-2010-1897
MS:MS10-049, CVE-2009-3555 CVE-2010-2566
MS:MS10-050, CVE-2010-2564
MS:MS10-051, CVE-2010-2561
MS:MS10-052, CVE-2010-1882
MS:MS10-053, CVE-2010-1258 CVE-2010-2556 CVE-2010-2557 CVE-2010-2558 CVE-2010-2559 CVE-2010-2560
MS:MS10-054, CVE-2010-2550 CVE-2010-2551 CVE-2010-2552
MS:MS10-055, CVE-2010-2553
MS:MS10-056, CVE-2010-1900 CVE-2010-1901 CVE-2010-1902 CVE-2010-1903
MS:MS10-057, CVE-2010-2562
MS:MS10-058, CVE-2010-1892 CVE-2010-1893
MS:MS10-059, CVE-2010-2554 CVE-2010-2555
MS:MS10-060, CVE-2010-0019 CVE-2010-1898
MS:MS10-061, CVE-2010-2729
MS:MS10-062, CVE-2010-0818
MS:MS10-063, CVE-2010-2738
MS:MS10-064, CVE-2010-2728
MS:MS10-065, CVE-2010-1899 CVE-2010-2730 CVE-2010-2731
MS:MS10-066, CVE-2010-2567
MS:MS10-067, CVE-2010-2563
MS:MS10-068, CVE-2010-0820
MS:MS10-069, CVE-2010-1891
MS:MS10-070, CVE-2010-3332
MS:MS10-071, CVE-2010-0808 CVE-2010-3243 CVE-2010-3324 CVE-2010-3325 CVE-2010-3326 CVE-2010-3327 CVE-2010-3328 CVE-2010-3329 CVE-2010-3330 CVE-2010-3331
MS:MS10-072, CVE-2010-3243 CVE-2010-3324
MS:MS10-073, CVE-2010-2743 CVE-2010-2744
MS:MS10-074, CVE-2010-3227
MS:MS10-075, CVE-2010-3225
MS:MS10-076, CVE-2010-1883
MS:MS10-077, CVE-2010-3228
MS:MS10-078, CVE-2010-2740 CVE-2010-2741
MS:MS10-079, CVE-2010-2747 CVE-2010-2748 CVE-2010-2750 CVE-2010-3214 CVE-2010-3215 CVE-2010-3216 CVE-2010-3217 CVE-2010-3218 CVE-2010-3219 CVE-2010-3220 CVE-2010-3221
MS:MS10-080, CVE-2010-3230 CVE-2010-3231 CVE-2010-3232 CVE-2010-3233 CVE-2010-3234 CVE-2010-3235 CVE-2010-3236 CVE-2010-3237 CVE-2010-3238 CVE-2010-3239 CVE-2010-3240 CVE-2010-3241 CVE-2010-3242
MS:MS10-081, CVE-2010-2746
MS:MS10-082, CVE-2010-2745
MS:MS10-083, CVE-2010-1263
MS:MS10-084, CVE-2010-3222
MS:MS10-085, CVE-2010-3229
MS:MS10-086, CVE-2010-3223
MS:MS10-087, CVE-2010-3333 CVE-2010-3334 CVE-2010-3335 CVE-2010-3336 CVE-2010-3337
MS:MS10-088, CVE-2010-2572 CVE-2010-2573
MS:MS10-089, CVE-2010-2732 CVE-2010-2733 CVE-2010-2734 CVE-2010-3936
MS:MS10-090, CVE-2010-3340 CVE-2010-3342 CVE-2010-3343 CVE-2010-3345 CVE-2010-3346 CVE-2010-3348 CVE-2010-3962
MS:MS10-091, CVE-2010-3956 CVE-2010-3957 CVE-2010-3959
MS:MS10-092, CVE-2010-3338
MS:MS10-093, CVE-2010-3967
MS:MS10-094, CVE-2010-3965
MS:MS10-095, CVE-2010-3966
MS:MS10-096, CVE-2010-3147
MS:MS10-097, CVE-2010-3144
MS:MS10-098, CVE-2010-3939 CVE-2010-3940 CVE-2010-3941 CVE-2010-3942 CVE-2010-3943 CVE-2010-3944
MS:MS10-099, CVE-2010-3963
MS:MS10-100, CVE-2010-3961
MS:MS10-101, CVE-2010-2742
MS:MS10-102, CVE-2010-3960
MS:MS10-103, CVE-2010-2569 CVE-2010-2570 CVE-2010-2571 CVE-2010-3954 CVE-2010-3955
MS:MS10-104, CVE-2010-3964
MS:MS10-105, CVE-2010-3945 CVE-2010-3946 CVE-2010-3947 CVE-2010-3949 CVE-2010-3950 CVE-2010-3951 CVE-2010-3952
MS:MS10-106, CVE-2010-3937
MS:MS11-001, CVE-2010-3145
MS:MS11-002, CVE-2011-0026 CVE-2011-0027
MS:MS11-003, CVE-2010-3971 CVE-2011-0035 CVE-2011-0036 CVE-2011-0038
MS:MS11-004, CVE-2010-3972
MS:MS11-005, CVE-2011-0040
MS:MS11-006, CVE-2010-3970
MS:MS11-007, CVE-2011-0033
MS:MS11-008, CVE-2011-0092 CVE-2011-0093
MS:MS11-009, CVE-2011-0031
MS:MS11-010, CVE-2011-0030
MS:MS11-011, CVE-2010-4398 CVE-2011-0045
MS:MS11-012, CVE-2011-0086 CVE-2011-0087 CVE-2011-0088 CVE-2011-0089 CVE-2011-0090
MS:MS11-013, CVE-2011-0043 CVE-2011-0091
MS:MS11-014, CVE-2011-0039
MS:MS11-015, CVE-2011-0032 CVE-2011-0042
MS:MS11-016, CVE-2010-3146
MS:MS11-017, CVE-2011-0029
MS:MS11-018, CVE-2011-0094 CVE-2011-0346 CVE-2011-1244 CVE-2011-1245 CVE-2011-1345
MS:MS11-019, CVE-2011-0654 CVE-2011-0660
MS:MS11-020, CVE-2011-0661
MS:MS11-021, CVE-2011-0097 CVE-2011-0098 CVE-2011-0101 CVE-2011-0103 CVE-2011-0104 CVE-2011-0105 CVE-2011-0978 CVE-2011-0979 CVE-2011-0980
MS:MS11-022, CVE-2011-0655 CVE-2011-0656 CVE-2011-0976
MS:MS11-023, CVE-2011-0107 CVE-2011-0977
MS:MS11-024, CVE-2010-3974
MS:MS11-025, CVE-2010-3190
MS:MS11-026, CVE-2011-0096
MS:MS11-027, CVE-2010-0811 CVE-2010-3973 CVE-2011-1243
MS:MS11-028, CVE-2010-3958
MS:MS11-029, CVE-2011-0041
MS:MS11-030, CVE-2011-0657
MS:MS11-031, CVE-2011-0663
MS:MS11-032, CVE-2011-0034
MS:MS11-033, CVE-2011-0028
MS:MS11-034, CVE-2011-0662 CVE-2011-0665 CVE-2011-0666 CVE-2011-0667 CVE-2011-0670 CVE-2011-0671 CVE-2011-0672 CVE-2011-0673 CVE-2011-0674 CVE-2011-0675 CVE-2011-0676 CVE-2011-0677 CVE-2011-1225 CVE-2011-1226 CVE-2011-1227 CVE-2011-1228 CVE-2011-1229 CVE-2011-1230 CVE-2011-1231 CVE-2011-1232 CVE-2011-1233 CVE-2011-1234 CVE-2011-1235 CVE-2011-1236 CVE-2011-1237 CVE-2011-1238 CVE-2011-1239 CVE-2011-1240 CVE-2011-1241 CVE-2011-1242
MS:MS11-035, CVE-2011-1248
MS:MS11-036, CVE-2011-1269 CVE-2011-1270
MS:MS11-037, CVE-2011-1894
MS:MS11-038, CVE-2011-0658
MS:MS11-039, CVE-2011-0664
MS:MS11-040, CVE-2011-1889
MS:MS11-041, CVE-2011-1873
MS:MS11-042, CVE-2011-1868 CVE-2011-1869
MS:MS11-043, CVE-2011-1268
MS:MS11-044, CVE-2011-1271
MS:MS11-045, CVE-2011-1272 CVE-2011-1273 CVE-2011-1274 CVE-2011-1275 CVE-2011-1276 CVE-2011-1277 CVE-2011-1278 CVE-2011-1279
MS:MS11-046, CVE-2011-1249
MS:MS11-047, CVE-2011-1872
MS:MS11-048, CVE-2011-1267
MS:MS11-049, CVE-2011-1280
MS:MS11-050, CVE-2011-1246 CVE-2011-1250 CVE-2011-1251 CVE-2011-1252 CVE-2011-1254 CVE-2011-1255 CVE-2011-1256 CVE-2011-1258 CVE-2011-1260 CVE-2011-1261 CVE-2011-1262
MS:MS11-051, CVE-2011-1264
MS:MS11-052, CVE-2011-1266
MS:MS11-053, CVE-2011-1265
MS:MS11-054, CVE-2011-1874 CVE-2011-1875 CVE-2011-1876 CVE-2011-1877 CVE-2011-1878 CVE-2011-1879 CVE-2011-1880 CVE-2011-1881 CVE-2011-1882 CVE-2011-1883 CVE-2011-1884 CVE-2011-1885 CVE-2011-1886 CVE-2011-1887 CVE-2011-1888
MS:MS11-055, CVE-2010-3148
MS:MS11-056, CVE-2011-1281 CVE-2011-1282 CVE-2011-1283 CVE-2011-1284 CVE-2011-1870
MS:MS11-057, CVE-2011-1257 CVE-2011-1347 CVE-2011-1960 CVE-2011-1961 CVE-2011-1962 CVE-2011-1963 CVE-2011-1964 CVE-2011-2383
MS:MS11-058, CVE-2011-1966 CVE-2011-1970
MS:MS11-059, CVE-2011-1975
MS:MS11-060, CVE-2011-1972 CVE-2011-1979
MS:MS11-061, CVE-2011-1263
MS:MS11-062, CVE-2011-1974
MS:MS11-063, CVE-2011-1967
MS:MS11-064, CVE-2011-1871 CVE-2011-1965
MS:MS11-065, CVE-2011-1968
MS:MS11-066, CVE-2011-1977
MS:MS11-067, CVE-2011-1976
MS:MS11-068, CVE-2011-1971
MS:MS11-069, CVE-2011-1978
MS:MS11-070, CVE-2011-1984
MS:MS11-071, CVE-2011-1991
MS:MS11-072, CVE-2011-1986 CVE-2011-1987 CVE-2011-1988 CVE-2011-1989 CVE-2011-1990
MS:MS11-073, CVE-2011-1980 CVE-2011-1982
MS:MS11-074, CVE-2011-0653 CVE-2011-1252 CVE-2011-1890 CVE-2011-1891 CVE-2011-1892 CVE-2011-1893
MS:MS11-075, CVE-2011-1247
MS:MS11-076, CVE-2011-2009
MS:MS11-077, CVE-2011-1985 CVE-2011-2002 CVE-2011-2003 CVE-2011-2011
MS:MS11-078, CVE-2011-1253
MS:MS11-079, CVE-2011-1895 CVE-2011-1896 CVE-2011-1897 CVE-2011-1969 CVE-2011-2012
MS:MS11-080, CVE-2011-2005
MS:MS11-081, CVE-2011-1993 CVE-2011-1995 CVE-2011-1996 CVE-2011-1997 CVE-2011-1998 CVE-2011-1999 CVE-2011-2000 CVE-2011-2001
MS:MS11-082, CVE-2011-2007 CVE-2011-2008
MS:MS11-083, CVE-2011-2013
MS:MS11-084, CVE-2011-2004
MS:MS11-085, CVE-2011-2016
MS:MS11-086, CVE-2011-2014
MS:MS11-087, CVE-2011-3402
MS:MS11-088, CVE-2011-2010
MS:MS11-089, CVE-2011-1983
MS:MS11-090, CVE-2011-3397
MS:MS11-091, CVE-2011-1508 CVE-2011-3410 CVE-2011-3411 CVE-2011-3412
MS:MS11-092, CVE-2011-3401
MS:MS11-093, CVE-2011-3400
MS:MS11-094, CVE-2011-3396 CVE-2011-3413
MS:MS11-095, CVE-2011-3406
MS:MS11-096, CVE-2011-3403
MS:MS11-097, CVE-2011-3408
MS:MS11-098, CVE-2011-2018
MS:MS11-099, CVE-2011-1992 CVE-2011-2019 CVE-2011-3404
MS:MS11-100, CVE-2011-3414 CVE-2011-3415 CVE-2011-3416 CVE-2011-3417
MS:MS12-001, CVE-2012-0001
MS:MS12-002, CVE-2012-0009
MS:MS12-003, CVE-2012-0005
MS:MS12-004, CVE-2012-0003 CVE-2012-0004
MS:MS12-005, CVE-2012-0013
MS:MS12-006, CVE-2011-3389
MS:MS12-007, CVE-2012-0007
MS:MS12-008, CVE-2011-5046 CVE-2012-0154
MS:MS12-009, CVE-2012-0148 CVE-2012-0149
MS:MS12-010, CVE-2012-0010 CVE-2012-0011 CVE-2012-0012 CVE-2012-0155
MS:MS12-011, CVE-2012-0017 CVE-2012-0144 CVE-2012-0145
MS:MS12-012, CVE-2010-5082
MS:MS12-013, CVE-2012-0150
MS:MS12-014, CVE-2010-3138
MS:MS12-015, CVE-2012-0019 CVE-2012-0020 CVE-2012-0136 CVE-2012-0137 CVE-2012-0138
MS:MS12-016, CVE-2012-0014 CVE-2012-0015
MS:MS12-017, CVE-2012-0006
MS:MS12-018, CVE-2012-0157
MS:MS12-019, CVE-2012-0156
MS:MS12-020, CVE-2012-0002 CVE-2012-0152
MS:MS12-021, CVE-2012-0008
MS:MS12-022, CVE-2012-0016
MS:MS12-023, CVE-2012-0168 CVE-2012-0169 CVE-2012-0170 CVE-2012-0171 CVE-2012-0172
MS:MS12-024, CVE-2012-0151
MS:MS12-025, CVE-2012-0163
MS:MS12-026, CVE-2012-0146 CVE-2012-0147
MS:MS12-027, CVE-2012-0158
MS:MS12-028, CVE-2012-0177
MS:MS12-029, CVE-2012-0183
MS:MS12-030, CVE-2012-0141 CVE-2012-0142 CVE-2012-0143 CVE-2012-0184 CVE-2012-0185 CVE-2012-1847
MS:MS12-031, CVE-2012-0018
MS:MS12-032, CVE-2012-0174 CVE-2012-0179
MS:MS12-033, CVE-2012-0178
MS:MS12-034, CVE-2011-3402 CVE-2012-0159 CVE-2012-0162 CVE-2012-0164 CVE-2012-0165 CVE-2012-0167 CVE-2012-0176 CVE-2012-0180 CVE-2012-0181 CVE-2012-1848
MS:MS12-035, CVE-2012-0160 CVE-2012-0161
MS:MS12-036, CVE-2012-0173
MS:MS12-037, CVE-2012-1523 CVE-2012-1858 CVE-2012-1872 CVE-2012-1873 CVE-2012-1874 CVE-2012-1875 CVE-2012-1876 CVE-2012-1877 CVE-2012-1878 CVE-2012-1879 CVE-2012-1880 CVE-2012-1881 CVE-2012-1882
MS:MS12-038, CVE-2012-1855
MS:MS12-039, CVE-2011-3402 CVE-2012-0159 CVE-2012-1849 CVE-2012-1858
MS:MS12-040, CVE-2012-1857
MS:MS12-041, CVE-2012-1864 CVE-2012-1865 CVE-2012-1866 CVE-2012-1867 CVE-2012-1868
MS:MS12-042, CVE-2012-0217 CVE-2012-1515
MS:MS12-043, CVE-2012-1889
MS:MS12-044, CVE-2012-1522 CVE-2012-1524
MS:MS12-045, CVE-2012-1891
MS:MS12-046, CVE-2012-1854
MS:MS12-047, CVE-2012-1890 CVE-2012-1893
MS:MS12-048, CVE-2012-0175
MS:MS12-049, CVE-2012-1870
MS:MS12-050, CVE-2012-1858 CVE-2012-1859 CVE-2012-1860 CVE-2012-1861 CVE-2012-1862 CVE-2012-1863
MS:MS12-051, CVE-2012-1894
MS:MS12-052, CVE-2012-1526 CVE-2012-2521 CVE-2012-2522 CVE-2012-2523
MS:MS12-053, CVE-2012-2526
MS:MS12-054, CVE-2012-1850 CVE-2012-1851 CVE-2012-1852 CVE-2012-1853
MS:MS12-055, CVE-2012-2527
MS:MS12-056, CVE-2012-2523
MS:MS12-057, CVE-2012-2524
MS:MS12-058, CVE-2012-1766 CVE-2012-1767 CVE-2012-1768 CVE-2012-1769 CVE-2012-1770 CVE-2012-1771 CVE-2012-1772 CVE-2012-1773 CVE-2012-3106 CVE-2012-3107 CVE-2012-3108 CVE-2012-3109 CVE-2012-3110
MS:MS12-059, CVE-2012-1888
MS:MS12-060, CVE-2012-1856
MS:MS12-061, CVE-2012-1892
MS:MS12-062, CVE-2012-2536
MS:MS12-063, CVE-2012-1529 CVE-2012-2546 CVE-2012-2548 CVE-2012-2557
MS:MS12-064, CVE-2012-0182 CVE-2012-2528
MS:MS12-065, CVE-2012-2550
MS:MS12-066, CVE-2012-2520
MS:MS12-067, CVE-2012-1766 CVE-2012-1767 CVE-2012-1768 CVE-2012-1769 CVE-2012-1770 CVE-2012-1771 CVE-2012-1772 CVE-2012-1773 CVE-2012-3106 CVE-2012-3107 CVE-2012-3108 CVE-2012-3109 CVE-2012-3110
MS:MS12-068, CVE-2012-2529
MS:MS12-069, CVE-2012-2551
MS:MS12-070, CVE-2012-2552
MS:MS12-071, CVE-2012-1538 CVE-2012-1539 CVE-2012-4775
MS:MS12-072, CVE-2012-1527 CVE-2012-1528
MS:MS12-073, CVE-2012-2531 CVE-2012-2532
MS:MS12-074, CVE-2012-1895 CVE-2012-1896 CVE-2012-2519 CVE-2012-4776 CVE-2012-4777
MS:MS12-075, CVE-2012-2530 CVE-2012-2553 CVE-2012-2897
MS:MS12-076, CVE-2012-1885 CVE-2012-1886 CVE-2012-1887 CVE-2012-2543
MS:MS12-077, CVE-2012-4781 CVE-2012-4782 CVE-2012-4787
MS:MS12-078, CVE-2012-2556 CVE-2012-4786
MS:MS12-079, CVE-2012-2539
MS:MS12-080, CVE-2012-3214 CVE-2012-3217 CVE-2012-4791
MS:MS12-081, CVE-2012-4774
MS:MS12-082, CVE-2012-1537
MS:MS12-083, CVE-2012-2549
MS:MS13-001, CVE-2013-0011
MS:MS13-002, CVE-2013-0006 CVE-2013-0007
MS:MS13-003, CVE-2013-0009 CVE-2013-0010
MS:MS13-004, CVE-2013-0001 CVE-2013-0002 CVE-2013-0003 CVE-2013-0004
MS:MS13-005, CVE-2013-0008
MS:MS13-006, CVE-2013-0013
MS:MS13-007, CVE-2013-0005
MS:MS13-008, CVE-2012-4792
MS:MS13-009, CVE-2013-0015 CVE-2013-0018 CVE-2013-0019 CVE-2013-0020 CVE-2013-0021 CVE-2013-0022 CVE-2013-0023 CVE-2013-0024 CVE-2013-0025 CVE-2013-0026 CVE-2013-0027 CVE-2013-0028 CVE-2013-0029
MS:MS13-010, CVE-2013-0030
MS:MS13-011, CVE-2013-0077
MS:MS13-012, CVE-2013-0393 CVE-2013-0418
MS:MS13-013, CVE-2012-3214 CVE-2012-3217
MS:MS13-014, CVE-2013-1281
MS:MS13-015, CVE-2013-0073
MS:MS13-016, CVE-2013-1248 CVE-2013-1249 CVE-2013-1250 CVE-2013-1251 CVE-2013-1252 CVE-2013-1253 CVE-2013-1254 CVE-2013-1255 CVE-2013-1256 CVE-2013-1257 CVE-2013-1258 CVE-2013-1259 CVE-2013-1260 CVE-2013-1261 CVE-2013-1262 CVE-2013-1263 CVE-2013-1264 CVE-2013-1265 CVE-2013-1266 CVE-2013-1267 CVE-2013-1268 CVE-2013-1269 CVE-2013-1270 CVE-2013-1271 CVE-2013-1272 CVE-2013-1273 CVE-2013-1274 CVE-2013-1275 CVE-2013-1276 CVE-2013-1277
MS:MS13-017, CVE-2013-1278 CVE-2013-1279 CVE-2013-1280
MS:MS13-018, CVE-2013-0075
MS:MS13-019, CVE-2013-0076
MS:MS13-020, CVE-2013-1313
MS:MS13-021, CVE-2013-0087 CVE-2013-0088 CVE-2013-0089 CVE-2013-0090 CVE-2013-0091 CVE-2013-0092 CVE-2013-0093 CVE-2013-0094 CVE-2013-1288
MS:MS13-022, CVE-2013-0074
MS:MS13-023, CVE-2013-0079
MS:MS13-024, CVE-2013-0080 CVE-2013-0083 CVE-2013-0084 CVE-2013-0085
MS:MS13-025, CVE-2013-0086
MS:MS13-026, CVE-2013-0095
MS:MS13-027, CVE-2013-1285 CVE-2013-1286 CVE-2013-1287
MS:MS13-028, CVE-2013-1303 CVE-2013-1304 CVE-2013-1338
MS:MS13-029, CVE-2013-1296
MS:MS13-030, CVE-2013-1290
MS:MS13-031, CVE-2013-1284 CVE-2013-1294
MS:MS13-032, CVE-2013-1282
MS:MS13-033, CVE-2013-1295
MS:MS13-034, CVE-2013-0078
MS:MS13-035, CVE-2013-1289
MS:MS13-036, CVE-2013-1283 CVE-2013-1291 CVE-2013-1292 CVE-2013-1293
MS:MS13-037, CVE-2013-0811 CVE-2013-1297 CVE-2013-1306 CVE-2013-1307 CVE-2013-1308 CVE-2013-1309 CVE-2013-1310 CVE-2013-1311 CVE-2013-1312 CVE-2013-1313 CVE-2013-2551 CVE-2013-3140
MS:MS13-038, CVE-2013-1347
MS:MS13-039, CVE-2013-1305
MS:MS13-040, CVE-2013-1336 CVE-2013-1337
MS:MS13-041, CVE-2013-1302
MS:MS13-042, CVE-2013-1316 CVE-2013-1317 CVE-2013-1318 CVE-2013-1319 CVE-2013-1320 CVE-2013-1321 CVE-2013-1322 CVE-2013-1323 CVE-2013-1327 CVE-2013-1328 CVE-2013-1329
MS:MS13-043, CVE-2013-1335
MS:MS13-044, CVE-2013-1301
MS:MS13-045, CVE-2013-0096
MS:MS13-046, CVE-2013-1332 CVE-2013-1333 CVE-2013-1334
MS:MS13-047, CVE-2013-3110 CVE-2013-3111 CVE-2013-3112 CVE-2013-3113 CVE-2013-3114 CVE-2013-3116 CVE-2013-3117 CVE-2013-3118 CVE-2013-3119 CVE-2013-3120 CVE-2013-3121 CVE-2013-3122 CVE-2013-3123 CVE-2013-3124 CVE-2013-3125 CVE-2013-3126 CVE-2013-3139 CVE-2013-3141 CVE-2013-3142
MS:MS13-048, CVE-2013-3136
MS:MS13-049, CVE-2013-3138
MS:MS13-050, CVE-2013-1339
MS:MS13-051, CVE-2013-1331
MS:MS13-052, CVE-2013-3129 CVE-2013-3131 CVE-2013-3132 CVE-2013-3133 CVE-2013-3134 CVE-2013-3171 CVE-2013-3178
MS:MS13-053, CVE-2013-1300 CVE-2013-1340 CVE-2013-1345 CVE-2013-3129 CVE-2013-3167 CVE-2013-3172 CVE-2013-3173 CVE-2013-3660
MS:MS13-054, CVE-2013-3129
MS:MS13-055, CVE-2013-3115 CVE-2013-3143 CVE-2013-3144 CVE-2013-3145 CVE-2013-3146 CVE-2013-3147 CVE-2013-3148 CVE-2013-3149 CVE-2013-3150 CVE-2013-3151 CVE-2013-3152 CVE-2013-3153 CVE-2013-3161 CVE-2013-3162 CVE-2013-3163 CVE-2013-3164 CVE-2013-3166 CVE-2013-3846 CVE-2013-4015
MS:MS13-056, CVE-2013-3174
MS:MS13-057, CVE-2013-3127
MS:MS13-058, CVE-2013-3154
MS:MS13-059, CVE-2013-3184 CVE-2013-3186 CVE-2013-3187 CVE-2013-3188 CVE-2013-3189 CVE-2013-3190 CVE-2013-3191 CVE-2013-3192 CVE-2013-3193 CVE-2013-3194 CVE-2013-3199
MS:MS13-060, CVE-2013-3181
MS:MS13-061, CVE-2013-2393 CVE-2013-3776 CVE-2013-3781
MS:MS13-062, CVE-2013-3175
MS:MS13-063, CVE-2013-2556 CVE-2013-3196 CVE-2013-3197 CVE-2013-3198
MS:MS13-064, CVE-2013-3182
MS:MS13-065, CVE-2013-3183
MS:MS13-066, CVE-2013-3185
MS:MS13-067, CVE-2013-0081 CVE-2013-1315 CVE-2013-1330 CVE-2013-3179 CVE-2013-3180 CVE-2013-3847 CVE-2013-3848 CVE-2013-3849 CVE-2013-3857 CVE-2013-3858
MS:MS13-068, CVE-2013-3870
MS:MS13-069, CVE-2013-3201 CVE-2013-3202 CVE-2013-3203 CVE-2013-3204 CVE-2013-3205 CVE-2013-3206 CVE-2013-3207 CVE-2013-3208 CVE-2013-3209 CVE-2013-3845
MS:MS13-070, CVE-2013-3863
MS:MS13-071, CVE-2013-0810
MS:MS13-072, CVE-2013-3160 CVE-2013-3847 CVE-2013-3848 CVE-2013-3849 CVE-2013-3850 CVE-2013-3851 CVE-2013-3852 CVE-2013-3853 CVE-2013-3854 CVE-2013-3855 CVE-2013-3856 CVE-2013-3857 CVE-2013-3858
MS:MS13-073, CVE-2013-1315 CVE-2013-3158 CVE-2013-3159
MS:MS13-074, CVE-2013-3155 CVE-2013-3156 CVE-2013-3157
MS:MS13-075, CVE-2013-3859
MS:MS13-076, CVE-2013-1341 CVE-2013-1342 CVE-2013-1343 CVE-2013-1344 CVE-2013-3864 CVE-2013-3865 CVE-2013-3866
MS:MS13-077, CVE-2013-3862
MS:MS13-078, CVE-2013-3137
MS:MS13-079, CVE-2013-3868
MS:MS13-080, CVE-2013-3871 CVE-2013-3872 CVE-2013-3873 CVE-2013-3874 CVE-2013-3875 CVE-2013-3882 CVE-2013-3885 CVE-2013-3886 CVE-2013-3893 CVE-2013-3897
MS:MS13-081, CVE-2013-3128 CVE-2013-3200 CVE-2013-3879 CVE-2013-3880 CVE-2013-3881 CVE-2013-3888 CVE-2013-3894
MS:MS13-082, CVE-2013-3128 CVE-2013-3860 CVE-2013-3861
MS:MS13-083, CVE-2013-3195
MS:MS13-084, CVE-2013-3889 CVE-2013-3895
MS:MS13-085, CVE-2013-3889 CVE-2013-3890
MS:MS13-086, CVE-2013-3891 CVE-2013-3892
MS:MS13-087, CVE-2013-3896
MS:MS13-088, CVE-2013-3871 CVE-2013-3908 CVE-2013-3909 CVE-2013-3910 CVE-2013-3911 CVE-2013-3912 CVE-2013-3914 CVE-2013-3915 CVE-2013-3916 CVE-2013-3917
MS:MS13-089, CVE-2013-3940
MS:MS13-090, CVE-2013-3918
MS:MS13-091, CVE-2013-0082 CVE-2013-1324 CVE-2013-1325
MS:MS13-092, CVE-2013-3898
MS:MS13-093, CVE-2013-3887
MS:MS13-094, CVE-2013-3905
MS:MS13-095, CVE-2013-3869
MS:MS13-096, CVE-2013-3906
MS:MS13-097, CVE-2013-5045 CVE-2013-5046 CVE-2013-5047 CVE-2013-5048 CVE-2013-5049 CVE-2013-5051 CVE-2013-5052
MS:MS13-098, CVE-2013-3900
MS:MS13-099, CVE-2013-5056
MS:MS13-100, CVE-2013-5059
MS:MS13-101, CVE-2013-3899 CVE-2013-3902 CVE-2013-3903 CVE-2013-3907 CVE-2013-5058
MS:MS13-102, CVE-2013-3878
MS:MS13-103, CVE-2013-5042
MS:MS13-104, CVE-2013-5054
MS:MS13-105, CVE-2013-1330 CVE-2013-5072 CVE-2013-5763 CVE-2013-5791
MS:MS13-106, CVE-2013-5057
MS:MS14-001, CVE-2014-0258 CVE-2014-0259 CVE-2014-0260
MS:MS14-002, CVE-2013-5065
MS:MS14-003, CVE-2014-0262
MS:MS14-004, CVE-2014-0261
MS:MS14-005, CVE-2014-0266
MS:MS14-006, CVE-2014-0254
MS:MS14-007, CVE-2014-0263
MS:MS14-008, CVE-2014-0294
MS:MS14-009, CVE-2014-0253 CVE-2014-0257 CVE-2014-0295
MS:MS14-010, CVE-2014-0267 CVE-2014-0268 CVE-2014-0269 CVE-2014-0270 CVE-2014-0271 CVE-2014-0272 CVE-2014-0273 CVE-2014-0274 CVE-2014-0275 CVE-2014-0276 CVE-2014-0277 CVE-2014-0278 CVE-2014-0279 CVE-2014-0280 CVE-2014-0281 CVE-2014-0283 CVE-2014-0284 CVE-2014-0285 CVE-2014-0286 CVE-2014-0287 CVE-2014-0288 CVE-2014-0289 CVE-2014-0290 CVE-2014-0293
MS:MS14-011, CVE-2014-0271
MS:MS14-012, CVE-2014-0297 CVE-2014-0298 CVE-2014-0299 CVE-2014-0302 CVE-2014-0303 CVE-2014-0304 CVE-2014-0305 CVE-2014-0306 CVE-2014-0307 CVE-2014-0308 CVE-2014-0309 CVE-2014-0311 CVE-2014-0312 CVE-2014-0313 CVE-2014-0314 CVE-2014-0321 CVE-2014-0322 CVE-2014-0324 CVE-2014-4112
MS:MS14-013, CVE-2014-0301
MS:MS14-014, CVE-2014-0319
MS:MS14-015, CVE-2014-0300 CVE-2014-0323
MS:MS14-016, CVE-2014-0317
MS:MS14-017, CVE-2014-1757 CVE-2014-1758 CVE-2014-1761
MS:MS14-018, CVE-2014-0325 CVE-2014-1751 CVE-2014-1752 CVE-2014-1753 CVE-2014-1755 CVE-2014-1760
MS:MS14-019, CVE-2014-0315
MS:MS14-020, CVE-2014-1759
MS:MS14-021, CVE-2014-1776
MS:MS14-022, CVE-2014-0251 CVE-2014-1754 CVE-2014-1813
MS:MS14-023, CVE-2014-1756 CVE-2014-1808
MS:MS14-024, CVE-2014-1809
MS:MS14-025, CVE-2014-1812
MS:MS14-026, CVE-2014-1806
MS:MS14-027, CVE-2014-1807
MS:MS14-028, CVE-2014-0255 CVE-2014-0256
MS:MS14-029, CVE-2014-0310 CVE-2014-1815
MS:MS14-030, CVE-2014-0296
MS:MS14-031, CVE-2014-1811
MS:MS14-032, CVE-2014-1823
MS:MS14-033, CVE-2014-1816
MS:MS14-034, CVE-2014-2778
MS:MS14-035, CVE-2014-0282 CVE-2014-1762 CVE-2014-1764 CVE-2014-1766 CVE-2014-1769 CVE-2014-1770 CVE-2014-1771 CVE-2014-1772 CVE-2014-1773 CVE-2014-1774 CVE-2014-1775 CVE-2014-1777 CVE-2014-1778 CVE-2014-1779 CVE-2014-1780 CVE-2014-1781 CVE-2014-1782 CVE-2014-1783 CVE-2014-1784 CVE-2014-1785 CVE-2014-1786 CVE-2014-1788 CVE-2014-1789 CVE-2014-1790 CVE-2014-1791 CVE-2014-1792 CVE-2014-1794 CVE-2014-1795 CVE-2014-1796 CVE-2014-1797 CVE-2014-1799 CVE-2014-1800 CVE-2014-1802 CVE-2014-1803 CVE-2014-1804 CVE-2014-1805 CVE-2014-2753 CVE-2014-2754 CVE-2014-2755 CVE-2014-2756 CVE-2014-2757 CVE-2014-2758 CVE-2014-2759 CVE-2014-2760 CVE-2014-2761 CVE-2014-2763 CVE-2014-2764 CVE-2014-2765 CVE-2014-2766 CVE-2014-2767 CVE-2014-2768 CVE-2014-2769 CVE-2014-2770 CVE-2014-2771 CVE-2014-2772 CVE-2014-2773 CVE-2014-2775 CVE-2014-2776 CVE-2014-2777 CVE-2014-2782
MS:MS14-036, CVE-2014-1817 CVE-2014-1818
MS:MS14-037, CVE-2014-1763 CVE-2014-1765 CVE-2014-2783 CVE-2014-2785 CVE-2014-2786 CVE-2014-2787 CVE-2014-2788 CVE-2014-2789 CVE-2014-2790 CVE-2014-2791 CVE-2014-2792 CVE-2014-2794 CVE-2014-2795 CVE-2014-2797 CVE-2014-2798 CVE-2014-2800 CVE-2014-2801 CVE-2014-2802 CVE-2014-2803 CVE-2014-2804 CVE-2014-2806 CVE-2014-2807 CVE-2014-2809 CVE-2014-2813 CVE-2014-4066
MS:MS14-038, CVE-2014-1824
MS:MS14-039, CVE-2014-2781
MS:MS14-040, CVE-2014-1767
MS:MS14-041, CVE-2014-2780
MS:MS14-042, CVE-2014-2814
MS:MS14-043, CVE-2014-4060
MS:MS14-044, CVE-2014-1820 CVE-2014-4061
MS:MS14-045, CVE-2014-0318 CVE-2014-1819 CVE-2014-4064
MS:MS14-046, CVE-2014-4062
MS:MS14-047, CVE-2014-0316
MS:MS14-048, CVE-2014-2815
MS:MS14-049, CVE-2014-1814
MS:MS14-050, CVE-2014-2816
MS:MS14-051, CVE-2014-2774 CVE-2014-2784 CVE-2014-2796 CVE-2014-2808 CVE-2014-2810 CVE-2014-2811 CVE-2014-2817 CVE-2014-2818 CVE-2014-2819 CVE-2014-2820 CVE-2014-2821 CVE-2014-2822 CVE-2014-2823 CVE-2014-2824 CVE-2014-2825 CVE-2014-2826 CVE-2014-2827 CVE-2014-4050 CVE-2014-4051 CVE-2014-4052 CVE-2014-4055 CVE-2014-4056 CVE-2014-4057 CVE-2014-4058 CVE-2014-4063 CVE-2014-4067 CVE-2014-4145 CVE-2014-6354 CVE-2014-8985
MS:MS14-052, CVE-2013-7331 CVE-2014-2799 CVE-2014-4059 CVE-2014-4065 CVE-2014-4079 CVE-2014-4080 CVE-2014-4081 CVE-2014-4082 CVE-2014-4083 CVE-2014-4084 CVE-2014-4085 CVE-2014-4086 CVE-2014-4087 CVE-2014-4088 CVE-2014-4089 CVE-2014-4090 CVE-2014-4091 CVE-2014-4092 CVE-2014-4093 CVE-2014-4094 CVE-2014-4095 CVE-2014-4096 CVE-2014-4097 CVE-2014-4098 CVE-2014-4099 CVE-2014-4100 CVE-2014-4101 CVE-2014-4102 CVE-2014-4103 CVE-2014-4104 CVE-2014-4105 CVE-2014-4106 CVE-2014-4107 CVE-2014-4108 CVE-2014-4109 CVE-2014-4110 CVE-2014-4111
MS:MS14-053, CVE-2014-4072
MS:MS14-054, CVE-2014-4074
MS:MS14-055, CVE-2014-4068 CVE-2014-4070 CVE-2014-4071
MS:MS14-056, CVE-2014-4123 CVE-2014-4124 CVE-2014-4126 CVE-2014-4127 CVE-2014-4128 CVE-2014-4129 CVE-2014-4130 CVE-2014-4132 CVE-2014-4133 CVE-2014-4134 CVE-2014-4137 CVE-2014-4138 CVE-2014-4140 CVE-2014-4141
MS:MS14-057, CVE-2014-4073 CVE-2014-4121 CVE-2014-4122
MS:MS14-058, CVE-2014-4113 CVE-2014-4148
MS:MS14-059, CVE-2014-4075
MS:MS14-060, CVE-2014-4114
MS:MS14-061, CVE-2014-4117
MS:MS14-062, CVE-2014-4971
MS:MS14-063, CVE-2014-4115
MS:MS14-064, CVE-2014-6332 CVE-2014-6352
MS:MS14-065, CVE-2014-4143 CVE-2014-6323 CVE-2014-6337 CVE-2014-6339 CVE-2014-6340 CVE-2014-6341 CVE-2014-6342 CVE-2014-6343 CVE-2014-6344 CVE-2014-6345 CVE-2014-6346 CVE-2014-6347 CVE-2014-6348 CVE-2014-6349 CVE-2014-6350 CVE-2014-6351 CVE-2014-6353
MS:MS14-066, CVE-2014-6321
MS:MS14-067, CVE-2014-4118
MS:MS14-068, CVE-2014-6324
MS:MS14-069, CVE-2014-6333 CVE-2014-6334 CVE-2014-6335
MS:MS14-070, CVE-2014-4076
MS:MS14-071, CVE-2014-6322
MS:MS14-072, CVE-2014-4149
MS:MS14-073, CVE-2014-4116
MS:MS14-074, CVE-2014-6318
MS:MS14-075, CVE-2014-6319 CVE-2014-6325 CVE-2014-6326 CVE-2014-6336
MS:MS14-076, CVE-2014-4078
MS:MS14-077, CVE-2014-6331
MS:MS14-078, CVE-2014-4077
MS:MS14-079, CVE-2014-6317
MS:MS14-080, CVE-2014-6327 CVE-2014-6328 CVE-2014-6329 CVE-2014-6330 CVE-2014-6363 CVE-2014-6365 CVE-2014-6366 CVE-2014-6368 CVE-2014-6369 CVE-2014-6373 CVE-2014-6374 CVE-2014-6375 CVE-2014-6376 CVE-2014-8966
MS:MS14-081, CVE-2014-6356 CVE-2014-6357
MS:MS14-082, CVE-2014-6364
MS:MS14-083, CVE-2014-6360 CVE-2014-6361
MS:MS14-084, CVE-2014-6363
MS:MS14-085, CVE-2014-6355
MS:MS15-001, CVE-2015-0002
MS:MS15-002, CVE-2015-0014
MS:MS15-003, CVE-2015-0004
MS:MS15-004, CVE-2015-0016
MS:MS15-005, CVE-2015-0006
MS:MS15-006, CVE-2015-0001
MS:MS15-007, CVE-2015-0015
MS:MS15-008, CVE-2015-0011
MS:MS15-009, CVE-2015-0017 CVE-2015-0018 CVE-2015-0019 CVE-2015-0020 CVE-2015-0021 CVE-2015-0022 CVE-2015-0023 CVE-2015-0025 CVE-2015-0026 CVE-2015-0027 CVE-2015-0028 CVE-2015-0029 CVE-2015-0030 CVE-2015-0031 CVE-2015-0035 CVE-2015-0036 CVE-2015-0037 CVE-2015-0038 CVE-2015-0039 CVE-2015-0040 CVE-2015-0041 CVE-2015-0042 CVE-2015-0043 CVE-2015-0044 CVE-2015-0045 CVE-2015-0046 CVE-2015-0048 CVE-2015-0049 CVE-2015-0050 CVE-2015-0051 CVE-2015-0052 CVE-2015-0053 CVE-2015-0054 CVE-2015-0055 CVE-2015-0066 CVE-2015-0067 CVE-2015-0068 CVE-2015-0069 CVE-2015-0070 CVE-2015-0071
MS:MS15-010, CVE-2015-0003 CVE-2015-0010 CVE-2015-0057 CVE-2015-0058 CVE-2015-0059 CVE-2015-0060
MS:MS15-011, CVE-2015-0008
MS:MS15-012, CVE-2015-0063 CVE-2015-0064 CVE-2015-0065
MS:MS15-013, CVE-2014-6362
MS:MS15-014, CVE-2015-0009
MS:MS15-015, CVE-2015-0062
MS:MS15-016, CVE-2015-0061
MS:MS15-017, CVE-2015-0012
MS:MS15-018, CVE-2015-0032 CVE-2015-0056 CVE-2015-0072 CVE-2015-0099 CVE-2015-0100 CVE-2015-1622 CVE-2015-1623 CVE-2015-1624 CVE-2015-1625 CVE-2015-1626 CVE-2015-1627 CVE-2015-1634
MS:MS15-019, CVE-2015-0032
MS:MS15-020, CVE-2015-0081 CVE-2015-0096
MS:MS15-021, CVE-2015-0074 CVE-2015-0087 CVE-2015-0088 CVE-2015-0089 CVE-2015-0090 CVE-2015-0091 CVE-2015-0092 CVE-2015-0093
MS:MS15-022, CVE-2015-0085 CVE-2015-0086 CVE-2015-0097 CVE-2015-1633 CVE-2015-1636
MS:MS15-023, CVE-2015-0077 CVE-2015-0078 CVE-2015-0094 CVE-2015-0095
MS:MS15-024, CVE-2015-0080
MS:MS15-025, CVE-2015-0073 CVE-2015-0075
MS:MS15-026, CVE-2015-1628 CVE-2015-1629 CVE-2015-1630 CVE-2015-1631 CVE-2015-1632
MS:MS15-027, CVE-2015-0005
MS:MS15-028, CVE-2015-0084
MS:MS15-029, CVE-2015-0076
MS:MS15-030, CVE-2015-0079
MS:MS15-031, CVE-2015-1637
MS:MS15-032, CVE-2015-1652 CVE-2015-1657 CVE-2015-1659 CVE-2015-1660 CVE-2015-1661 CVE-2015-1662 CVE-2015-1665 CVE-2015-1666 CVE-2015-1667 CVE-2015-1668
MS:MS15-033, CVE-2015-1639 CVE-2015-1641 CVE-2015-1649 CVE-2015-1650 CVE-2015-1651
MS:MS15-034, CVE-2015-1635
MS:MS15-035, CVE-2015-1645
MS:MS15-036, CVE-2015-1640 CVE-2015-1653
MS:MS15-037, CVE-2015-0098
MS:MS15-038, CVE-2015-1643 CVE-2015-1644
MS:MS15-039, CVE-2015-1646
MS:MS15-040, CVE-2015-1638
MS:MS15-041, CVE-2015-1648
MS:MS15-042, CVE-2015-1647
MS:MS15-043, CVE-2015-1658 CVE-2015-1684 CVE-2015-1685 CVE-2015-1686 CVE-2015-1688 CVE-2015-1689 CVE-2015-1691 CVE-2015-1692 CVE-2015-1694 CVE-2015-1703 CVE-2015-1704 CVE-2015-1705 CVE-2015-1706 CVE-2015-1708 CVE-2015-1709 CVE-2015-1710 CVE-2015-1711 CVE-2015-1712 CVE-2015-1713 CVE-2015-1714 CVE-2015-1717 CVE-2015-1718
MS:MS15-044, CVE-2015-1670 CVE-2015-1671
MS:MS15-045, CVE-2015-1675 CVE-2015-1695 CVE-2015-1696 CVE-2015-1697 CVE-2015-1698 CVE-2015-1699
MS:MS15-046, CVE-2015-1682 CVE-2015-1683
MS:MS15-047, CVE-2015-1700
MS:MS15-048, CVE-2015-1672 CVE-2015-1673
MS:MS15-049, CVE-2015-1715
MS:MS15-050, CVE-2015-1702
MS:MS15-051, CVE-2015-1676 CVE-2015-1677 CVE-2015-1678 CVE-2015-1679 CVE-2015-1680 CVE-2015-1701
MS:MS15-052, CVE-2015-1674
MS:MS15-053, CVE-2015-1684 CVE-2015-1686
MS:MS15-054, CVE-2015-1681
MS:MS15-055, CVE-2015-1716
MS:MS15-056, CVE-2015-1687 CVE-2015-1730 CVE-2015-1731 CVE-2015-1732 CVE-2015-1735 CVE-2015-1736 CVE-2015-1737 CVE-2015-1739 CVE-2015-1740 CVE-2015-1741 CVE-2015-1742 CVE-2015-1743 CVE-2015-1744 CVE-2015-1745 CVE-2015-1747 CVE-2015-1748 CVE-2015-1750 CVE-2015-1751 CVE-2015-1752 CVE-2015-1753 CVE-2015-1754 CVE-2015-1755 CVE-2015-1765 CVE-2015-1766
MS:MS15-057, CVE-2015-1728
MS:MS15-058, CVE-2015-1761 CVE-2015-1762 CVE-2015-1763
MS:MS15-059, CVE-2015-1759 CVE-2015-1760 CVE-2015-1770
MS:MS15-060, CVE-2015-1756
MS:MS15-061, CVE-2015-1719 CVE-2015-1720 CVE-2015-1721 CVE-2015-1722 CVE-2015-1723 CVE-2015-1724 CVE-2015-1725 CVE-2015-1726 CVE-2015-1727 CVE-2015-1768 CVE-2015-2360
MS:MS15-062, CVE-2015-1757
MS:MS15-063, CVE-2015-1758
MS:MS15-064, CVE-2015-1764 CVE-2015-1771 CVE-2015-2359
MS:MS15-065, CVE-2015-1729 CVE-2015-1733 CVE-2015-1738 CVE-2015-1767 CVE-2015-2372 CVE-2015-2383 CVE-2015-2384 CVE-2015-2385 CVE-2015-2388 CVE-2015-2389 CVE-2015-2390 CVE-2015-2391 CVE-2015-2397 CVE-2015-2398 CVE-2015-2401 CVE-2015-2402 CVE-2015-2403 CVE-2015-2404 CVE-2015-2406 CVE-2015-2408 CVE-2015-2410 CVE-2015-2411 CVE-2015-2412 CVE-2015-2413 CVE-2015-2414 CVE-2015-2419 CVE-2015-2421 CVE-2015-2422 CVE-2015-2425
MS:MS15-066, CVE-2015-2372
MS:MS15-067, CVE-2015-2373
MS:MS15-068, CVE-2015-2361 CVE-2015-2362
MS:MS15-069, CVE-2015-2368 CVE-2015-2369
MS:MS15-070, CVE-2015-2375 CVE-2015-2376 CVE-2015-2377 CVE-2015-2378 CVE-2015-2379 CVE-2015-2380 CVE-2015-2415 CVE-2015-2424
MS:MS15-071, CVE-2015-2374
MS:MS15-072, CVE-2015-2364
MS:MS15-073, CVE-2015-2363 CVE-2015-2365 CVE-2015-2366 CVE-2015-2367 CVE-2015-2381 CVE-2015-2382
MS:MS15-074, CVE-2015-2371
MS:MS15-075, CVE-2015-2416 CVE-2015-2417
MS:MS15-076, CVE-2015-2370
MS:MS15-077, CVE-2015-2387
MS:MS15-078, CVE-2015-2426
MS:MS15-079, CVE-2015-2423 CVE-2015-2441 CVE-2015-2442 CVE-2015-2443 CVE-2015-2444 CVE-2015-2445 CVE-2015-2446 CVE-2015-2447 CVE-2015-2448 CVE-2015-2449 CVE-2015-2450 CVE-2015-2451 CVE-2015-2452
MS:MS15-080, CVE-2015-2431 CVE-2015-2432 CVE-2015-2433 CVE-2015-2435 CVE-2015-2453 CVE-2015-2454 CVE-2015-2455 CVE-2015-2456 CVE-2015-2458 CVE-2015-2459 CVE-2015-2460 CVE-2015-2461 CVE-2015-2462 CVE-2015-2463 CVE-2015-2464 CVE-2015-2465
MS:MS15-081, CVE-2015-1642 CVE-2015-2423 CVE-2015-2466 CVE-2015-2467 CVE-2015-2468 CVE-2015-2469 CVE-2015-2470 CVE-2015-2477
MS:MS15-082, CVE-2015-2472 CVE-2015-2473
MS:MS15-083, CVE-2015-2474
MS:MS15-084, CVE-2015-2434 CVE-2015-2440 CVE-2015-2471
MS:MS15-085, CVE-2015-1769
MS:MS15-086, CVE-2015-2420
MS:MS15-087, CVE-2015-2475
MS:MS15-088, CVE-2015-2423
MS:MS15-089, CVE-2015-2476
MS:MS15-090, CVE-2015-2428 CVE-2015-2429 CVE-2015-2430
MS:MS15-091, CVE-2015-2441 CVE-2015-2442 CVE-2015-2446 CVE-2015-2449
MS:MS15-092, CVE-2015-2479 CVE-2015-2480 CVE-2015-2481
MS:MS15-093, CVE-2015-2502
MS:MS15-094, CVE-2015-2483 CVE-2015-2484 CVE-2015-2485 CVE-2015-2486 CVE-2015-2487 CVE-2015-2489 CVE-2015-2490 CVE-2015-2491 CVE-2015-2492 CVE-2015-2493 CVE-2015-2494 CVE-2015-2498 CVE-2015-2499 CVE-2015-2500 CVE-2015-2501 CVE-2015-2541 CVE-2015-2542
MS:MS15-095, CVE-2015-2485 CVE-2015-2486 CVE-2015-2494 CVE-2015-2542
MS:MS15-096, CVE-2015-2535
MS:MS15-097, CVE-2015-2506 CVE-2015-2507 CVE-2015-2508 CVE-2015-2510 CVE-2015-2511 CVE-2015-2512 CVE-2015-2517 CVE-2015-2518 CVE-2015-2527 CVE-2015-2529 CVE-2015-2546
MS:MS15-098, CVE-2015-2513 CVE-2015-2514 CVE-2015-2516 CVE-2015-2519 CVE-2015-2530
MS:MS15-099, CVE-2015-2520 CVE-2015-2521 CVE-2015-2522 CVE-2015-2523 CVE-2015-2545
MS:MS15-100, CVE-2015-2509
MS:MS15-101, CVE-2015-2504 CVE-2015-2526
MS:MS15-102, CVE-2015-2524 CVE-2015-2525 CVE-2015-2528
MS:MS15-103, CVE-2015-2505 CVE-2015-2543 CVE-2015-2544
MS:MS15-104, CVE-2015-2531 CVE-2015-2532 CVE-2015-2536
MS:MS15-105, CVE-2015-2534
MS:MS15-106, CVE-2015-2482 CVE-2015-6042 CVE-2015-6044 CVE-2015-6045 CVE-2015-6046 CVE-2015-6047 CVE-2015-6048 CVE-2015-6049 CVE-2015-6050 CVE-2015-6051 CVE-2015-6052 CVE-2015-6053 CVE-2015-6055 CVE-2015-6056 CVE-2015-6059 CVE-2015-6184
MS:MS15-107, CVE-2015-6057 CVE-2015-6058
MS:MS15-108, CVE-2015-2482 CVE-2015-6052 CVE-2015-6055 CVE-2015-6059
MS:MS15-109, CVE-2015-2515 CVE-2015-2548
MS:MS15-110, CVE-2015-2555 CVE-2015-2556 CVE-2015-2557 CVE-2015-2558 CVE-2015-6037 CVE-2015-6039
MS:MS15-111, CVE-2015-2549 CVE-2015-2550 CVE-2015-2552 CVE-2015-2553 CVE-2015-2554
MS:MS15-112, CVE-2015-2427 CVE-2015-6064 CVE-2015-6065 CVE-2015-6066 CVE-2015-6068 CVE-2015-6069 CVE-2015-6070 CVE-2015-6071 CVE-2015-6072 CVE-2015-6073 CVE-2015-6074 CVE-2015-6075 CVE-2015-6076 CVE-2015-6077 CVE-2015-6078 CVE-2015-6079 CVE-2015-6080 CVE-2015-6081 CVE-2015-6082 CVE-2015-6084 CVE-2015-6085 CVE-2015-6086 CVE-2015-6087 CVE-2015-6088 CVE-2015-6089
MS:MS15-113, CVE-2015-6064 CVE-2015-6073 CVE-2015-6078 CVE-2015-6088
MS:MS15-114, CVE-2015-6097
MS:MS15-115, CVE-2015-6100 CVE-2015-6101 CVE-2015-6102 CVE-2015-6103 CVE-2015-6104 CVE-2015-6109 CVE-2015-6113
MS:MS15-116, CVE-2015-2503 CVE-2015-6038 CVE-2015-6091 CVE-2015-6092 CVE-2015-6093 CVE-2015-6094 CVE-2015-6123
MS:MS15-117, CVE-2015-6098
MS:MS15-118, CVE-2015-6096 CVE-2015-6099 CVE-2015-6115
MS:MS15-119, CVE-2015-2478
MS:MS15-120, CVE-2015-6111
MS:MS15-121, CVE-2015-6112
MS:MS15-122, CVE-2015-6095
MS:MS15-123, CVE-2015-6061
MS:MS15-124, CVE-2015-6083 CVE-2015-6134 CVE-2015-6135 CVE-2015-6136 CVE-2015-6138 CVE-2015-6139 CVE-2015-6140 CVE-2015-6141 CVE-2015-6142 CVE-2015-6143 CVE-2015-6144 CVE-2015-6145 CVE-2015-6146 CVE-2015-6147 CVE-2015-6148 CVE-2015-6149 CVE-2015-6150 CVE-2015-6151 CVE-2015-6152 CVE-2015-6153 CVE-2015-6154 CVE-2015-6155 CVE-2015-6156 CVE-2015-6157 CVE-2015-6158 CVE-2015-6159 CVE-2015-6160 CVE-2015-6161 CVE-2015-6162 CVE-2015-6164
MS:MS15-125, CVE-2015-6139 CVE-2015-6140 CVE-2015-6142 CVE-2015-6144 CVE-2015-6148 CVE-2015-6151 CVE-2015-6153 CVE-2015-6154 CVE-2015-6155 CVE-2015-6158 CVE-2015-6159 CVE-2015-6161 CVE-2015-6168 CVE-2015-6169 CVE-2015-6170 CVE-2015-6176
MS:MS15-126, CVE-2015-6135 CVE-2015-6136
MS:MS15-127, CVE-2015-6125
MS:MS15-128, CVE-2015-6106 CVE-2015-6107 CVE-2015-6108
MS:MS15-129, CVE-2015-6114 CVE-2015-6165 CVE-2015-6166
MS:MS15-130, CVE-2015-6130
MS:MS15-131, CVE-2015-6040 CVE-2015-6118 CVE-2015-6122 CVE-2015-6124 CVE-2015-6172 CVE-2015-6177
MS:MS15-132, CVE-2015-6128 CVE-2015-6132 CVE-2015-6133
MS:MS15-133, CVE-2015-6126
MS:MS15-134, CVE-2015-6127 CVE-2015-6131
MS:MS15-135, CVE-2015-6171 CVE-2015-6173 CVE-2015-6174 CVE-2015-6175
MS:MS16-001, CVE-2016-0002 CVE-2016-0005
MS:MS16-002, CVE-2016-0003 CVE-2016-0024
MS:MS16-003, CVE-2016-0002
MS:MS16-004, CVE-2015-6117 CVE-2016-0010 CVE-2016-0011 CVE-2016-0012 CVE-2016-0035
MS:MS16-005, CVE-2016-0008 CVE-2016-0009
MS:MS16-006, CVE-2016-0034
MS:MS16-007, CVE-2016-0014 CVE-2016-0015 CVE-2016-0016 CVE-2016-0018 CVE-2016-0019 CVE-2016-0020
MS:MS16-008, CVE-2016-0006 CVE-2016-0007
MS:MS16-009, CVE-2016-0041 CVE-2016-0059 CVE-2016-0060 CVE-2016-0061 CVE-2016-0062 CVE-2016-0063 CVE-2016-0064 CVE-2016-0067 CVE-2016-0068 CVE-2016-0069 CVE-2016-0071 CVE-2016-0072 CVE-2016-0077
MS:MS16-010, CVE-2016-0029 CVE-2016-0030 CVE-2016-0031 CVE-2016-0032
MS:MS16-011, CVE-2016-0060 CVE-2016-0061 CVE-2016-0062 CVE-2016-0077 CVE-2016-0080 CVE-2016-0084
MS:MS16-012, CVE-2016-0046 CVE-2016-0058
MS:MS16-013, CVE-2016-0038
MS:MS16-014, CVE-2016-0040 CVE-2016-0041 CVE-2016-0042 CVE-2016-0044 CVE-2016-0049
MS:MS16-015, CVE-2016-0022 CVE-2016-0039 CVE-2016-0052 CVE-2016-0053 CVE-2016-0054 CVE-2016-0055 CVE-2016-0056
MS:MS16-016, CVE-2016-0051
MS:MS16-017, CVE-2016-0036
MS:MS16-018, CVE-2016-0048
MS:MS16-019, CVE-2016-0033 CVE-2016-0047
MS:MS16-020, CVE-2016-0037
MS:MS16-021, CVE-2016-0050
MS:MS16-023, CVE-2016-0102 CVE-2016-0103 CVE-2016-0104 CVE-2016-0105 CVE-2016-0106 CVE-2016-0107 CVE-2016-0108 CVE-2016-0109 CVE-2016-0110 CVE-2016-0111 CVE-2016-0112 CVE-2016-0113 CVE-2016-0114
MS:MS16-024, CVE-2016-0102 CVE-2016-0105 CVE-2016-0109 CVE-2016-0110 CVE-2016-0111 CVE-2016-0116 CVE-2016-0123 CVE-2016-0124 CVE-2016-0125 CVE-2016-0129 CVE-2016-0130
MS:MS16-025, CVE-2016-0100
MS:MS16-026, CVE-2016-0120 CVE-2016-0121
MS:MS16-027, CVE-2016-0098 CVE-2016-0101
MS:MS16-028, CVE-2016-0117 CVE-2016-0118
MS:MS16-029, CVE-2016-0021 CVE-2016-0057 CVE-2016-0134
MS:MS16-030, CVE-2016-0091 CVE-2016-0092
MS:MS16-031, CVE-2016-0087
MS:MS16-032, CVE-2016-0099
MS:MS16-033, CVE-2016-0133
MS:MS16-034, CVE-2016-0093 CVE-2016-0094 CVE-2016-0095 CVE-2016-0096
MS:MS16-035, CVE-2016-0132
MS:MS16-037, CVE-2016-0154 CVE-2016-0159 CVE-2016-0160 CVE-2016-0162 CVE-2016-0164 CVE-2016-0166
MS:MS16-038, CVE-2016-0154 CVE-2016-0155 CVE-2016-0156 CVE-2016-0157 CVE-2016-0158 CVE-2016-0161
MS:MS16-039, CVE-2016-0143 CVE-2016-0145 CVE-2016-0165 CVE-2016-0167
MS:MS16-040, CVE-2016-0147
MS:MS16-041, CVE-2016-0148
MS:MS16-042, CVE-2016-0122 CVE-2016-0127 CVE-2016-0136 CVE-2016-0139
MS:MS16-044, CVE-2016-0153
MS:MS16-045, CVE-2016-0088 CVE-2016-0089 CVE-2016-0090
MS:MS16-046, CVE-2016-0135
MS:MS16-047, CVE-2016-0128
MS:MS16-048, CVE-2016-0151
MS:MS16-049, CVE-2016-0150
MS:MS16-050, CVE-2016-1006 CVE-2016-1011 CVE-2016-1012 CVE-2016-1013 CVE-2016-1014 CVE-2016-1015 CVE-2016-1016 CVE-2016-1017 CVE-2016-1018 CVE-2016-1019
MS:MS16-051, CVE-2016-0187 CVE-2016-0188 CVE-2016-0189 CVE-2016-0192 CVE-2016-0194
MS:MS16-052, CVE-2016-0186 CVE-2016-0191 CVE-2016-0192 CVE-2016-0193
MS:MS16-053, CVE-2016-0187 CVE-2016-0189
MS:MS16-054, CVE-2016-0126 CVE-2016-0140 CVE-2016-0183 CVE-2016-0198
MS:MS16-055, CVE-2016-0168 CVE-2016-0169 CVE-2016-0170 CVE-2016-0184 CVE-2016-0195
MS:MS16-056, CVE-2016-0182
MS:MS16-057, CVE-2016-0179
MS:MS16-058, CVE-2016-0152
MS:MS16-059, CVE-2016-0185
MS:MS16-060, CVE-2016-0180
MS:MS16-061, CVE-2016-0178
MS:MS16-062, CVE-2016-0171 CVE-2016-0173 CVE-2016-0174 CVE-2016-0175 CVE-2016-0176 CVE-2016-0196 CVE-2016-0197
MS:MS16-063, CVE-2016-0199 CVE-2016-0200 CVE-2016-3202 CVE-2016-3205 CVE-2016-3206 CVE-2016-3207 CVE-2016-3210 CVE-2016-3211 CVE-2016-3212 CVE-2016-3213
MS:MS16-064, CVE-2016-1096 CVE-2016-1097 CVE-2016-1098 CVE-2016-1099 CVE-2016-1100 CVE-2016-1101 CVE-2016-1102 CVE-2016-1103 CVE-2016-1104 CVE-2016-1105 CVE-2016-1106 CVE-2016-1107 CVE-2016-1108 CVE-2016-1109 CVE-2016-1110 CVE-2016-4108 CVE-2016-4109 CVE-2016-4110 CVE-2016-4111 CVE-2016-4112 CVE-2016-4113 CVE-2016-4114 CVE-2016-4115 CVE-2016-4116
MS:MS16-065, CVE-2016-0149
MS:MS16-066, CVE-2016-0181
MS:MS16-067, CVE-2016-0190
MS:MS16-068, CVE-2016-3198 CVE-2016-3199 CVE-2016-3201 CVE-2016-3202 CVE-2016-3203 CVE-2016-3214 CVE-2016-3215 CVE-2016-3222
MS:MS16-069, CVE-2016-3205 CVE-2016-3206 CVE-2016-3207
MS:MS16-070, CVE-2016-0025 CVE-2016-3233 CVE-2016-3234 CVE-2016-3235
MS:MS16-071, CVE-2016-3227
MS:MS16-072, CVE-2016-3223
MS:MS16-073, CVE-2016-3218 CVE-2016-3221 CVE-2016-3232
MS:MS16-074, CVE-2016-3216 CVE-2016-3219 CVE-2016-3220
MS:MS16-075, CVE-2016-3225
MS:MS16-076, CVE-2016-3228
MS:MS16-077, CVE-2016-3213 CVE-2016-3236 CVE-2016-3299
MS:MS16-078, CVE-2016-3231
MS:MS16-079, CVE-2016-0028
MS:MS16-080, CVE-2016-3201 CVE-2016-3203 CVE-2016-3215
MS:MS16-081, CVE-2016-3226
MS:MS16-082, CVE-2016-3230
MS:MS16-083, CVE-2016-4122 CVE-2016-4123 CVE-2016-4124 CVE-2016-4125 CVE-2016-4126 CVE-2016-4127 CVE-2016-4128 CVE-2016-4129 CVE-2016-4130 CVE-2016-4131 CVE-2016-4132 CVE-2016-4133 CVE-2016-4134 CVE-2016-4135 CVE-2016-4136 CVE-2016-4137 CVE-2016-4138 CVE-2016-4139 CVE-2016-4140 CVE-2016-4141 CVE-2016-4142 CVE-2016-4143 CVE-2016-4144 CVE-2016-4145 CVE-2016-4146 CVE-2016-4147 CVE-2016-4148 CVE-2016-4149 CVE-2016-4150 CVE-2016-4151 CVE-2016-4152 CVE-2016-4153 CVE-2016-4154 CVE-2016-4155 CVE-2016-4156 CVE-2016-4166
MS:MS16-084, CVE-2016-3204 CVE-2016-3240 CVE-2016-3241 CVE-2016-3242 CVE-2016-3243 CVE-2016-3245 CVE-2016-3248 CVE-2016-3259 CVE-2016-3260 CVE-2016-3261 CVE-2016-3264 CVE-2016-3273 CVE-2016-3274 CVE-2016-3276 CVE-2016-3277
MS:MS16-085, CVE-2016-3244 CVE-2016-3246 CVE-2016-3248 CVE-2016-3259 CVE-2016-3260 CVE-2016-3264 CVE-2016-3265 CVE-2016-3269 CVE-2016-3271 CVE-2016-3273 CVE-2016-3274 CVE-2016-3276 CVE-2016-3277
MS:MS16-086, CVE-2016-3204
MS:MS16-087, CVE-2016-3238 CVE-2016-3239
MS:MS16-088, CVE-2016-3278 CVE-2016-3279 CVE-2016-3280 CVE-2016-3281 CVE-2016-3282 CVE-2016-3283 CVE-2016-3284
MS:MS16-089, CVE-2016-3256
MS:MS16-090, CVE-2016-3249 CVE-2016-3250 CVE-2016-3251 CVE-2016-3252 CVE-2016-3254 CVE-2016-3286
MS:MS16-091, CVE-2016-3255
MS:MS16-092, CVE-2016-3258 CVE-2016-3272
MS:MS16-093, CVE-2016-4173 CVE-2016-4174 CVE-2016-4175 CVE-2016-4176 CVE-2016-4177 CVE-2016-4178 CVE-2016-4179 CVE-2016-4182 CVE-2016-4185 CVE-2016-4188 CVE-2016-4222 CVE-2016-4223 CVE-2016-4224 CVE-2016-4225 CVE-2016-4226 CVE-2016-4227 CVE-2016-4228 CVE-2016-4229 CVE-2016-4230 CVE-2016-4231 CVE-2016-4232 CVE-2016-4247 CVE-2016-4248 CVE-2016-4249
MS:MS16-094, CVE-2016-3287
MS:MS16-095, CVE-2016-3288 CVE-2016-3289 CVE-2016-3290 CVE-2016-3293 CVE-2016-3321 CVE-2016-3322 CVE-2016-3326 CVE-2016-3327 CVE-2016-3329
MS:MS16-096, CVE-2016-3289 CVE-2016-3293 CVE-2016-3296 CVE-2016-3319 CVE-2016-3322 CVE-2016-3326 CVE-2016-3327 CVE-2016-3329
MS:MS16-097, CVE-2016-3301 CVE-2016-3303 CVE-2016-3304
MS:MS16-098, CVE-2016-3308 CVE-2016-3309 CVE-2016-3310 CVE-2016-3311
MS:MS16-099, CVE-2016-3313 CVE-2016-3315 CVE-2016-3316 CVE-2016-3317 CVE-2016-3318
MS:MS16-100, CVE-2016-3320
MS:MS16-101, CVE-2016-3237 CVE-2016-3300
MS:MS16-102, CVE-2016-3319
MS:MS16-103, CVE-2016-3312
MS:MS16-104, CVE-2016-3247 CVE-2016-3291 CVE-2016-3292 CVE-2016-3295 CVE-2016-3297 CVE-2016-3324 CVE-2016-3325 CVE-2016-3351 CVE-2016-3353 CVE-2016-3375
MS:MS16-105, CVE-2016-3247 CVE-2016-3291 CVE-2016-3294 CVE-2016-3295 CVE-2016-3297 CVE-2016-3325 CVE-2016-3330 CVE-2016-3350 CVE-2016-3351 CVE-2016-3370 CVE-2016-3374 CVE-2016-3377
MS:MS16-106, CVE-2016-3348 CVE-2016-3349 CVE-2016-3354 CVE-2016-3355 CVE-2016-3356
MS:MS16-107, CVE-2016-0137 CVE-2016-0141 CVE-2016-3357 CVE-2016-3358 CVE-2016-3359 CVE-2016-3360 CVE-2016-3361 CVE-2016-3362 CVE-2016-3363 CVE-2016-3364 CVE-2016-3365 CVE-2016-3366 CVE-2016-3381
MS:MS16-108, CVE-2016-0138 CVE-2016-3378 CVE-2016-3379
MS:MS16-109, CVE-2016-3367
MS:MS16-110, CVE-2016-3346 CVE-2016-3352 CVE-2016-3368 CVE-2016-3369
MS:MS16-111, CVE-2016-3305 CVE-2016-3306 CVE-2016-3371 CVE-2016-3372 CVE-2016-3373
MS:MS16-112, CVE-2016-3302
MS:MS16-113, CVE-2016-3344
MS:MS16-114, CVE-2016-3345
MS:MS16-115, CVE-2016-3370 CVE-2016-3374
MS:MS16-116, CVE-2016-3375
MS:MS16-118, CVE-2016-3267 CVE-2016-3298 CVE-2016-3331 CVE-2016-3382 CVE-2016-3383 CVE-2016-3384 CVE-2016-3385 CVE-2016-3387 CVE-2016-3388 CVE-2016-3390 CVE-2016-3391
MS:MS16-119, CVE-2016-3267 CVE-2016-3331 CVE-2016-3382 CVE-2016-3386 CVE-2016-3387 CVE-2016-3388 CVE-2016-3389 CVE-2016-3390 CVE-2016-3391 CVE-2016-3392 CVE-2016-7189 CVE-2016-7190 CVE-2016-7194
MS:MS16-120, CVE-2016-3209 CVE-2016-3262 CVE-2016-3263 CVE-2016-3270 CVE-2016-3393 CVE-2016-3396 CVE-2016-7182
MS:MS16-121, CVE-2016-7193
MS:MS16-122, CVE-2016-0142
MS:MS16-123, CVE-2016-3266 CVE-2016-3341 CVE-2016-3376 CVE-2016-7185 CVE-2016-7211
MS:MS16-124, CVE-2016-0070 CVE-2016-0073 CVE-2016-0075 CVE-2016-0079
MS:MS16-125, CVE-2016-7188
MS:MS16-126, CVE-2016-3298
MS:MS16-128, CVE-2016-7855
MS:MS16-129, CVE-2016-7195 CVE-2016-7196 CVE-2016-7198 CVE-2016-7199 CVE-2016-7200 CVE-2016-7201 CVE-2016-7202 CVE-2016-7203 CVE-2016-7204 CVE-2016-7208 CVE-2016-7209 CVE-2016-7227 CVE-2016-7239 CVE-2016-7240 CVE-2016-7241 CVE-2016-7242 CVE-2016-7243
MS:MS16-130, CVE-2016-7212 CVE-2016-7221 CVE-2016-7222
MS:MS16-131, CVE-2016-7248
MS:MS16-132, CVE-2016-7205 CVE-2016-7210 CVE-2016-7217 CVE-2016-7256
MS:MS16-133, CVE-2016-7213 CVE-2016-7228 CVE-2016-7229 CVE-2016-7230 CVE-2016-7231 CVE-2016-7232 CVE-2016-7233 CVE-2016-7234 CVE-2016-7235 CVE-2016-7236 CVE-2016-7244 CVE-2016-7245
MS:MS16-134, CVE-2016-0026 CVE-2016-3332 CVE-2016-3333 CVE-2016-3334 CVE-2016-3335 CVE-2016-3338 CVE-2016-3340 CVE-2016-3342 CVE-2016-3343 CVE-2016-7184
MS:MS16-135, CVE-2016-7214 CVE-2016-7215 CVE-2016-7218 CVE-2016-7246 CVE-2016-7255
MS:MS16-136, CVE-2016-7249 CVE-2016-7250 CVE-2016-7251 CVE-2016-7252 CVE-2016-7253 CVE-2016-7254
MS:MS16-137, CVE-2016-7220 CVE-2016-7237 CVE-2016-7238
MS:MS16-138, CVE-2016-7223 CVE-2016-7224 CVE-2016-7225 CVE-2016-7226
MS:MS16-139, CVE-2016-7216
MS:MS16-140, CVE-2016-7247
MS:MS16-141, CVE-2016-7857 CVE-2016-7858 CVE-2016-7859 CVE-2016-7860 CVE-2016-7861 CVE-2016-7862 CVE-2016-7863 CVE-2016-7864 CVE-2016-7865
MS:MS16-142, CVE-2016-7195 CVE-2016-7196 CVE-2016-7198 CVE-2016-7199 CVE-2016-7227 CVE-2016-7239 CVE-2016-7241
MS:MS16-144, CVE-2016-7202 CVE-2016-7278 CVE-2016-7279 CVE-2016-7281 CVE-2016-7282 CVE-2016-7283 CVE-2016-7284 CVE-2016-7287
MS:MS16-145, CVE-2016-7181 CVE-2016-7206 CVE-2016-7279 CVE-2016-7280 CVE-2016-7281 CVE-2016-7282 CVE-2016-7286 CVE-2016-7287 CVE-2016-7288 CVE-2016-7296 CVE-2016-7297
MS:MS16-146, CVE-2016-7257 CVE-2016-7272 CVE-2016-7273
MS:MS16-147, CVE-2016-7274
MS:MS16-148, CVE-2016-7257 CVE-2016-7262 CVE-2016-7263 CVE-2016-7264 CVE-2016-7265 CVE-2016-7266 CVE-2016-7267 CVE-2016-7268 CVE-2016-7275 CVE-2016-7276 CVE-2016-7277 CVE-2016-7289 CVE-2016-7290 CVE-2016-7291 CVE-2016-7298 CVE-2016-7300
MS:MS16-149, CVE-2016-7219 CVE-2016-7292
MS:MS16-150, CVE-2016-7271
MS:MS16-151, CVE-2016-7259 CVE-2016-7260
MS:MS16-152, CVE-2016-7258
MS:MS16-153, CVE-2016-7295
MS:MS16-154, CVE-2016-7867 CVE-2016-7868 CVE-2016-7869 CVE-2016-7870 CVE-2016-7871 CVE-2016-7872 CVE-2016-7873 CVE-2016-7874 CVE-2016-7875 CVE-2016-7876 CVE-2016-7877 CVE-2016-7878 CVE-2016-7879 CVE-2016-7880 CVE-2016-7881 CVE-2016-7890 CVE-2016-7892
MS:MS16-155, CVE-2016-7270
MS:MS17-001, CVE-2017-0002
MS:MS17-002, CVE-2017-0003
MS:MS17-004, CVE-2017-0004
MS:MS98-002, CVE-1999-0007
MS:MS98-003, CVE-1999-0278
MS:MS98-004, CVE-1999-1011
MS:MS98-006, CVE-1999-1148
MS:MS98-007, CVE-1999-1043
MS:MS98-008, CVE-1999-0004
MS:MS98-009, CVE-1999-0344
MS:MS98-011, CVE-1999-1093
MS:MS98-013, CVE-1999-0871
MS:MS98-014, CVE-1999-0969
MS:MS98-015, CVE-1999-0870
MS:MS98-016, CVE-1999-1087
MS:MS98-017, CVE-1999-1127
MS:MS98-018, CVE-1999-1055
MS:MS98-019, CVE-1999-1035
MS:MS98-020, CVE-1999-0869
MS:MS99-001, CVE-1999-0384
MS:MS99-002, CVE-1999-0354
MS:MS99-003, CVE-1999-0349
MS:MS99-004, CVE-1999-0366
MS:MS99-005, CVE-1999-0372
MS:MS99-006, CVE-1999-0376
MS:MS99-007, CVE-1999-0379
MS:MS99-008, CVE-1999-0382
MS:MS99-009, CVE-1999-0385
MS:MS99-010, CVE-1999-0386
MS:MS99-011, CVE-1999-0487
MS:MS99-012, CVE-1999-0468 CVE-1999-0488 CVE-1999-0490
MS:MS99-013, CVE-1999-0736 CVE-1999-0737 CVE-1999-0738 CVE-1999-0739 CVE-1999-1451
MS:MS99-014, CVE-1999-0717
MS:MS99-015, CVE-1999-0489 CVE-1999-0716
MS:MS99-016, CVE-1999-0715
MS:MS99-017, CVE-1999-0755
MS:MS99-018, CVE-1999-0802 CVE-1999-0917
MS:MS99-019, CVE-1999-0874
MS:MS99-020, CVE-1999-0721
MS:MS99-021, CVE-1999-0723
MS:MS99-022, CVE-1999-0725
MS:MS99-023, CVE-1999-0726
MS:MS99-024, CVE-1999-0728
MS:MS99-025, CVE-1999-1011
MS:MS99-026, CVE-1999-0700
MS:MS99-027, CVE-1999-0682
MS:MS99-028, CVE-1999-0680
MS:MS99-029, CVE-1999-0867
MS:MS99-030, CVE-2000-0323 CVE-2000-0325
MS:MS99-031, CVE-1999-0766
MS:MS99-032, CVE-1999-0668 CVE-1999-0669 CVE-1999-0670
MS:MS99-033, CVE-1999-0749
MS:MS99-034, CVE-1999-0918
MS:MS99-035, CVE-1999-0910
MS:MS99-036, CVE-1999-0701
MS:MS99-037, CVE-1999-0702 CVE-1999-1575
MS:MS99-038, CVE-1999-0909
MS:MS99-039, CVE-1999-0777 CVE-1999-1233
MS:MS99-040, CVE-1999-0891
MS:MS99-041, CVE-1999-0886
MS:MS99-042, CVE-1999-0877
MS:MS99-043, CVE-1999-0793
MS:MS99-044, CVE-1999-0794
MS:MS99-045, CVE-2000-0327
MS:MS99-046, CVE-2000-0328
MS:MS99-047, CVE-1999-0898 CVE-1999-0899
MS:MS99-048, CVE-2000-0329
MS:MS99-049, CVE-2000-0330
MS:MS99-050, CVE-1999-0981
MS:MS99-051, CVE-1999-0839
MS:MS99-052, CVE-1999-0387
MS:MS99-053, CVE-1999-0861
MS:MS99-054, CVE-1999-0858
MS:MS99-055, CVE-1999-0980
MS:MS99-056, CVE-1999-0994
MS:MS99-057, CVE-1999-0995
MS:MS99-058, CVE-2000-0025
MS:MS99-059, CVE-1999-0999
MS:MS99-060, CVE-2000-0036
MS:MS99-061, CVE-2000-0024
MS:Q169461, CVE-1999-0275
MS:Q237399, CVE-2002-0034
MS:Visual Studio Remote Code Execution Vulnerability, CVE-2020-26870
